date,tag,asset,downloadCount
2026-09-22,"v0.7.2","ObjectExplorer-0.7.2-arm64.AppImage",1
2026-09-22,"v0.7.2","ObjectExplorer-0.7.2-arm64.dmg",2
2026-09-22,"v0.7.2","ObjectExplorer-0.7.2-arm64.exe",1
2026-09-22,"v0.7.2","ObjectExplorer-0.7.2-arm64.msix",1
2026-09-22,"v0.7.2","ObjectExplorer-0.7.2-x64.AppImage",1
2026-09-22,"v0.7.2","ObjectExplorer-0.7.2-x64.dmg",1
2026-09-22,"v0.7.2","ObjectExplorer-0.7.2-x64.exe",1
2026-09-22,"v0.7.2","ObjectExplorer-0.7.2-x64.msix",2
2026-09-22,"v0.7.0","ObjectExplorer-0.7.0-arm64.AppImage",0
2026-09-22,"v0.7.0","ObjectExplorer-0.7.0-arm64.dmg",0
2026-09-22,"v0.7.0","ObjectExplorer-0.7.0-arm64.exe",0
2026-09-22,"v0.7.0","ObjectExplorer-0.7.0-arm64.msix",0
2026-09-22,"v0.7.0","ObjectExplorer-0.7.0-x64.AppImage",0
2026-09-22,"v0.7.0","ObjectExplorer-0.7.0-x64.dmg",0
2026-09-22,"v0.7.0","ObjectExplorer-0.7.0-x64.exe",0
2026-09-22,"v0.7.0","ObjectExplorer-0.7.0-x64.msix",0
2026-09-22,"latest","ObjectExplorer-linux-arm64.AppImage",0
2026-09-22,"latest","ObjectExplorer-linux-x64.AppImage",0
2026-09-22,"latest","ObjectExplorer-mac-arm64.dmg",0
2026-09-22,"latest","ObjectExplorer-mac-x64.dmg",0
2026-09-22,"latest","ObjectExplorer-windows-arm64.exe",0
2026-09-22,"latest","ObjectExplorer-windows-arm64.msix",1
2026-09-22,"latest","ObjectExplorer-windows-x64.exe",0
2026-09-22,"latest","ObjectExplorer-windows-x64.msix",0
2026-09-23,"v0.7.4","ObjectExplorer-0.7.4-arm64.AppImage",2
2026-09-23,"v0.7.4","ObjectExplorer-0.7.4-arm64.dmg",2
2026-09-23,"v0.7.4","ObjectExplorer-0.7.4-arm64.exe",2
2026-09-23,"v0.7.4","ObjectExplorer-0.7.4-arm64.msix",3
2026-09-23,"v0.7.4","ObjectExplorer-0.7.4-x64.AppImage",2
2026-09-23,"v0.7.4","ObjectExplorer-0.7.4-x64.dmg",2
2026-09-23,"v0.7.4","ObjectExplorer-0.7.4-x64.exe",2
2026-09-23,"v0.7.4","ObjectExplorer-0.7.4-x64.msix",2
2026-09-23,"v0.7.2","ObjectExplorer-0.7.2-arm64.AppImage",1
2026-09-23,"v0.7.2","ObjectExplorer-0.7.2-arm64.dmg",2
2026-09-23,"v0.7.2","ObjectExplorer-0.7.2-arm64.exe",1
2026-09-23,"v0.7.2","ObjectExplorer-0.7.2-arm64.msix",1
2026-09-23,"v0.7.2","ObjectExplorer-0.7.2-x64.AppImage",1
2026-09-23,"v0.7.2","ObjectExplorer-0.7.2-x64.dmg",1
2026-09-23,"v0.7.2","ObjectExplorer-0.7.2-x64.exe",1
2026-09-23,"v0.7.2","ObjectExplorer-0.7.2-x64.msix",2
2026-09-23,"v0.7.0","ObjectExplorer-0.7.0-arm64.AppImage",0
2026-09-23,"v0.7.0","ObjectExplorer-0.7.0-arm64.dmg",0
2026-09-23,"v0.7.0","ObjectExplorer-0.7.0-arm64.exe",0
2026-09-23,"v0.7.0","ObjectExplorer-0.7.0-arm64.msix",0
2026-09-23,"v0.7.0","ObjectExplorer-0.7.0-x64.AppImage",0
2026-09-23,"v0.7.0","ObjectExplorer-0.7.0-x64.dmg",0
2026-09-23,"v0.7.0","ObjectExplorer-0.7.0-x64.exe",0
2026-09-23,"v0.7.0","ObjectExplorer-0.7.0-x64.msix",0
2026-09-23,"latest","ObjectExplorer-linux-arm64.AppImage",0
2026-09-23,"latest","ObjectExplorer-linux-x64.AppImage",0
2026-09-23,"latest","ObjectExplorer-mac-arm64.dmg",0
2026-09-23,"latest","ObjectExplorer-mac-x64.dmg",0
2026-09-23,"latest","ObjectExplorer-windows-arm64.exe",0
2026-09-23,"latest","ObjectExplorer-windows-arm64.msix",1
2026-09-23,"latest","ObjectExplorer-windows-x64.exe",0
2026-09-23,"latest","ObjectExplorer-windows-x64.msix",0
2026-09-24,"v0.7.6","ObjectExplorer-0.7.6-arm64.AppImage",0
2026-09-24,"v0.7.6","ObjectExplorer-0.7.6-arm64.dmg",20
2026-09-24,"v0.7.6","ObjectExplorer-0.7.6-arm64.exe",15
2026-09-24,"v0.7.6","ObjectExplorer-0.7.6-arm64.msix",0
2026-09-24,"v0.7.6","ObjectExplorer-0.7.6-x64.AppImage",0
2026-09-24,"v0.7.6","ObjectExplorer-0.7.6-x64.dmg",14
2026-09-24,"v0.7.6","ObjectExplorer-0.7.6-x64.exe",13
2026-09-24,"v0.7.6","ObjectExplorer-0.7.6-x64.msix",0
2026-09-24,"v0.7.4","ObjectExplorer-0.7.4-arm64.AppImage",2
2026-09-24,"v0.7.4","ObjectExplorer-0.7.4-arm64.dmg",2
2026-09-24,"v0.7.4","ObjectExplorer-0.7.4-arm64.exe",2
2026-09-24,"v0.7.4","ObjectExplorer-0.7.4-arm64.msix",3
2026-09-24,"v0.7.4","ObjectExplorer-0.7.4-x64.AppImage",3
2026-09-24,"v0.7.4","ObjectExplorer-0.7.4-x64.dmg",2
2026-09-24,"v0.7.4","ObjectExplorer-0.7.4-x64.exe",2
2026-09-24,"v0.7.4","ObjectExplorer-0.7.4-x64.msix",3
2026-09-24,"v0.7.2","ObjectExplorer-0.7.2-arm64.AppImage",1
2026-09-24,"v0.7.2","ObjectExplorer-0.7.2-arm64.dmg",2
2026-09-24,"v0.7.2","ObjectExplorer-0.7.2-arm64.exe",1
2026-09-24,"v0.7.2","ObjectExplorer-0.7.2-arm64.msix",1
2026-09-24,"v0.7.2","ObjectExplorer-0.7.2-x64.AppImage",1
2026-09-24,"v0.7.2","ObjectExplorer-0.7.2-x64.dmg",1
2026-09-24,"v0.7.2","ObjectExplorer-0.7.2-x64.exe",1
2026-09-24,"v0.7.2","ObjectExplorer-0.7.2-x64.msix",2
2026-09-24,"v0.7.0","ObjectExplorer-0.7.0-arm64.AppImage",0
2026-09-24,"v0.7.0","ObjectExplorer-0.7.0-arm64.dmg",0
2026-09-24,"v0.7.0","ObjectExplorer-0.7.0-arm64.exe",0
2026-09-24,"v0.7.0","ObjectExplorer-0.7.0-arm64.msix",0
2026-09-24,"v0.7.0","ObjectExplorer-0.7.0-x64.AppImage",0
2026-09-24,"v0.7.0","ObjectExplorer-0.7.0-x64.dmg",0
2026-09-24,"v0.7.0","ObjectExplorer-0.7.0-x64.exe",0
2026-09-24,"v0.7.0","ObjectExplorer-0.7.0-x64.msix",0
2026-09-24,"latest","ObjectExplorer-linux-arm64.AppImage",0
2026-09-24,"latest","ObjectExplorer-linux-x64.AppImage",0
2026-09-24,"latest","ObjectExplorer-mac-arm64.dmg",0
2026-09-24,"latest","ObjectExplorer-mac-x64.dmg",0
2026-09-24,"latest","ObjectExplorer-windows-arm64.exe",0
2026-09-24,"latest","ObjectExplorer-windows-arm64.msix",1
2026-09-24,"latest","ObjectExplorer-windows-x64.exe",0
2026-09-24,"latest","ObjectExplorer-windows-x64.msix",0
2026-09-25,"v0.7.6","ObjectExplorer-0.7.6-arm64.AppImage",9
2026-09-25,"v0.7.6","ObjectExplorer-0.7.6-arm64.dmg",28
2026-09-25,"v0.7.6","ObjectExplorer-0.7.6-arm64.exe",21
2026-09-25,"v0.7.6","ObjectExplorer-0.7.6-arm64.msix",9
2026-09-25,"v0.7.6","ObjectExplorer-0.7.6-x64.AppImage",9
2026-09-25,"v0.7.6","ObjectExplorer-0.7.6-x64.dmg",22
2026-09-25,"v0.7.6","ObjectExplorer-0.7.6-x64.exe",21
2026-09-25,"v0.7.6","ObjectExplorer-0.7.6-x64.msix",9
2026-09-25,"v0.7.4","ObjectExplorer-0.7.4-arm64.AppImage",2
2026-09-25,"v0.7.4","ObjectExplorer-0.7.4-arm64.dmg",2
2026-09-25,"v0.7.4","ObjectExplorer-0.7.4-arm64.exe",2
2026-09-25,"v0.7.4","ObjectExplorer-0.7.4-arm64.msix",3
2026-09-25,"v0.7.4","ObjectExplorer-0.7.4-x64.AppImage",3
2026-09-25,"v0.7.4","ObjectExplorer-0.7.4-x64.dmg",2
2026-09-25,"v0.7.4","ObjectExplorer-0.7.4-x64.exe",2
2026-09-25,"v0.7.4","ObjectExplorer-0.7.4-x64.msix",3
2026-09-25,"v0.7.2","ObjectExplorer-0.7.2-arm64.AppImage",1
2026-09-25,"v0.7.2","ObjectExplorer-0.7.2-arm64.dmg",2
2026-09-25,"v0.7.2","ObjectExplorer-0.7.2-arm64.exe",1
2026-09-25,"v0.7.2","ObjectExplorer-0.7.2-arm64.msix",1
2026-09-25,"v0.7.2","ObjectExplorer-0.7.2-x64.AppImage",1
2026-09-25,"v0.7.2","ObjectExplorer-0.7.2-x64.dmg",1
2026-09-25,"v0.7.2","ObjectExplorer-0.7.2-x64.exe",1
2026-09-25,"v0.7.2","ObjectExplorer-0.7.2-x64.msix",2
2026-09-25,"v0.7.0","ObjectExplorer-0.7.0-arm64.AppImage",0
2026-09-25,"v0.7.0","ObjectExplorer-0.7.0-arm64.dmg",0
2026-09-25,"v0.7.0","ObjectExplorer-0.7.0-arm64.exe",0
2026-09-25,"v0.7.0","ObjectExplorer-0.7.0-arm64.msix",0
2026-09-25,"v0.7.0","ObjectExplorer-0.7.0-x64.AppImage",0
2026-09-25,"v0.7.0","ObjectExplorer-0.7.0-x64.dmg",0
2026-09-25,"v0.7.0","ObjectExplorer-0.7.0-x64.exe",0
2026-09-25,"v0.7.0","ObjectExplorer-0.7.0-x64.msix",0
2026-09-25,"latest","ObjectExplorer-linux-arm64.AppImage",0
2026-09-25,"latest","ObjectExplorer-linux-x64.AppImage",0
2026-09-25,"latest","ObjectExplorer-mac-arm64.dmg",0
2026-09-25,"latest","ObjectExplorer-mac-x64.dmg",0
2026-09-25,"latest","ObjectExplorer-windows-arm64.exe",0
2026-09-25,"latest","ObjectExplorer-windows-arm64.msix",1
2026-09-25,"latest","ObjectExplorer-windows-x64.exe",0
2026-09-25,"latest","ObjectExplorer-windows-x64.msix",0
2026-09-26,"v0.7.7","ObjectExplorer-0.7.7-arm64.AppImage",1
2026-09-26,"v0.7.7","ObjectExplorer-0.7.7-arm64.dmg",0
2026-09-26,"v0.7.7","ObjectExplorer-0.7.7-arm64.exe",0
2026-09-26,"v0.7.7","ObjectExplorer-0.7.7-arm64.msix",0
2026-09-26,"v0.7.7","ObjectExplorer-0.7.7-x64.AppImage",0
2026-09-26,"v0.7.7","ObjectExplorer-0.7.7-x64.dmg",0
2026-09-26,"v0.7.7","ObjectExplorer-0.7.7-x64.exe",0
2026-09-26,"v0.7.7","ObjectExplorer-0.7.7-x64.msix",0
2026-09-26,"v0.7.6","ObjectExplorer-0.7.6-arm64.AppImage",9
2026-09-26,"v0.7.6","ObjectExplorer-0.7.6-arm64.dmg",28
2026-09-26,"v0.7.6","ObjectExplorer-0.7.6-arm64.exe",21
2026-09-26,"v0.7.6","ObjectExplorer-0.7.6-arm64.msix",9
2026-09-26,"v0.7.6","ObjectExplorer-0.7.6-x64.AppImage",9
2026-09-26,"v0.7.6","ObjectExplorer-0.7.6-x64.dmg",22
2026-09-26,"v0.7.6","ObjectExplorer-0.7.6-x64.exe",21
2026-09-26,"v0.7.6","ObjectExplorer-0.7.6-x64.msix",9
2026-09-26,"v0.7.4","ObjectExplorer-0.7.4-arm64.AppImage",2
2026-09-26,"v0.7.4","ObjectExplorer-0.7.4-arm64.dmg",2
2026-09-26,"v0.7.4","ObjectExplorer-0.7.4-arm64.exe",2
2026-09-26,"v0.7.4","ObjectExplorer-0.7.4-arm64.msix",3
2026-09-26,"v0.7.4","ObjectExplorer-0.7.4-x64.AppImage",3
2026-09-26,"v0.7.4","ObjectExplorer-0.7.4-x64.dmg",2
2026-09-26,"v0.7.4","ObjectExplorer-0.7.4-x64.exe",2
2026-09-26,"v0.7.4","ObjectExplorer-0.7.4-x64.msix",3
2026-09-26,"v0.7.2","ObjectExplorer-0.7.2-arm64.AppImage",1
2026-09-26,"v0.7.2","ObjectExplorer-0.7.2-arm64.dmg",2
2026-09-26,"v0.7.2","ObjectExplorer-0.7.2-arm64.exe",1
2026-09-26,"v0.7.2","ObjectExplorer-0.7.2-arm64.msix",1
2026-09-26,"v0.7.2","ObjectExplorer-0.7.2-x64.AppImage",1
2026-09-26,"v0.7.2","ObjectExplorer-0.7.2-x64.dmg",1
2026-09-26,"v0.7.2","ObjectExplorer-0.7.2-x64.exe",1
2026-09-26,"v0.7.2","ObjectExplorer-0.7.2-x64.msix",2
2026-09-26,"v0.7.0","ObjectExplorer-0.7.0-arm64.AppImage",0
2026-09-26,"v0.7.0","ObjectExplorer-0.7.0-arm64.dmg",0
2026-09-26,"v0.7.0","ObjectExplorer-0.7.0-arm64.exe",0
2026-09-26,"v0.7.0","ObjectExplorer-0.7.0-arm64.msix",0
2026-09-26,"v0.7.0","ObjectExplorer-0.7.0-x64.AppImage",0
2026-09-26,"v0.7.0","ObjectExplorer-0.7.0-x64.dmg",0
2026-09-26,"v0.7.0","ObjectExplorer-0.7.0-x64.exe",0
2026-09-26,"v0.7.0","ObjectExplorer-0.7.0-x64.msix",0
2026-09-26,"latest","ObjectExplorer-linux-arm64.AppImage",0
2026-09-26,"latest","ObjectExplorer-linux-x64.AppImage",0
2026-09-26,"latest","ObjectExplorer-mac-arm64.dmg",0
2026-09-26,"latest","ObjectExplorer-mac-x64.dmg",0
2026-09-26,"latest","ObjectExplorer-windows-arm64.exe",0
2026-09-26,"latest","ObjectExplorer-windows-arm64.msix",1
2026-09-26,"latest","ObjectExplorer-windows-x64.exe",0
2026-09-26,"latest","ObjectExplorer-windows-x64.msix",0
2026-09-27,"v0.7.7","ObjectExplorer-0.7.7-arm64.AppImage",1
2026-09-27,"v0.7.7","ObjectExplorer-0.7.7-arm64.dmg",1
2026-09-27,"v0.7.7","ObjectExplorer-0.7.7-arm64.exe",1
2026-09-27,"v0.7.7","ObjectExplorer-0.7.7-arm64.msix",0
2026-09-27,"v0.7.7","ObjectExplorer-0.7.7-x64.AppImage",1
2026-09-27,"v0.7.7","ObjectExplorer-0.7.7-x64.dmg",1
2026-09-27,"v0.7.7","ObjectExplorer-0.7.7-x64.exe",1
2026-09-27,"v0.7.7","ObjectExplorer-0.7.7-x64.msix",1
2026-09-27,"v0.7.6","ObjectExplorer-0.7.6-arm64.AppImage",9
2026-09-27,"v0.7.6","ObjectExplorer-0.7.6-arm64.dmg",28
2026-09-27,"v0.7.6","ObjectExplorer-0.7.6-arm64.exe",21
2026-09-27,"v0.7.6","ObjectExplorer-0.7.6-arm64.msix",9
2026-09-27,"v0.7.6","ObjectExplorer-0.7.6-x64.AppImage",9
2026-09-27,"v0.7.6","ObjectExplorer-0.7.6-x64.dmg",22
2026-09-27,"v0.7.6","ObjectExplorer-0.7.6-x64.exe",21
2026-09-27,"v0.7.6","ObjectExplorer-0.7.6-x64.msix",9
2026-09-27,"v0.7.4","ObjectExplorer-0.7.4-arm64.AppImage",2
2026-09-27,"v0.7.4","ObjectExplorer-0.7.4-arm64.dmg",2
2026-09-27,"v0.7.4","ObjectExplorer-0.7.4-arm64.exe",2
2026-09-27,"v0.7.4","ObjectExplorer-0.7.4-arm64.msix",3
2026-09-27,"v0.7.4","ObjectExplorer-0.7.4-x64.AppImage",3
2026-09-27,"v0.7.4","ObjectExplorer-0.7.4-x64.dmg",2
2026-09-27,"v0.7.4","ObjectExplorer-0.7.4-x64.exe",2
2026-09-27,"v0.7.4","ObjectExplorer-0.7.4-x64.msix",3
2026-09-27,"v0.7.2","ObjectExplorer-0.7.2-arm64.AppImage",1
2026-09-27,"v0.7.2","ObjectExplorer-0.7.2-arm64.dmg",2
2026-09-27,"v0.7.2","ObjectExplorer-0.7.2-arm64.exe",1
2026-09-27,"v0.7.2","ObjectExplorer-0.7.2-arm64.msix",1
2026-09-27,"v0.7.2","ObjectExplorer-0.7.2-x64.AppImage",1
2026-09-27,"v0.7.2","ObjectExplorer-0.7.2-x64.dmg",1
2026-09-27,"v0.7.2","ObjectExplorer-0.7.2-x64.exe",1
2026-09-27,"v0.7.2","ObjectExplorer-0.7.2-x64.msix",2
2026-09-27,"v0.7.0","ObjectExplorer-0.7.0-arm64.AppImage",0
2026-09-27,"v0.7.0","ObjectExplorer-0.7.0-arm64.dmg",0
2026-09-27,"v0.7.0","ObjectExplorer-0.7.0-arm64.exe",0
2026-09-27,"v0.7.0","ObjectExplorer-0.7.0-arm64.msix",0
2026-09-27,"v0.7.0","ObjectExplorer-0.7.0-x64.AppImage",0
2026-09-27,"v0.7.0","ObjectExplorer-0.7.0-x64.dmg",0
2026-09-27,"v0.7.0","ObjectExplorer-0.7.0-x64.exe",0
2026-09-27,"v0.7.0","ObjectExplorer-0.7.0-x64.msix",0
2026-09-27,"latest","ObjectExplorer-linux-arm64.AppImage",0
2026-09-27,"latest","ObjectExplorer-linux-x64.AppImage",0
2026-09-27,"latest","ObjectExplorer-mac-arm64.dmg",0
2026-09-27,"latest","ObjectExplorer-mac-x64.dmg",0
2026-09-27,"latest","ObjectExplorer-windows-arm64.exe",0
2026-09-27,"latest","ObjectExplorer-windows-arm64.msix",1
2026-09-27,"latest","ObjectExplorer-windows-x64.exe",0
2026-09-27,"latest","ObjectExplorer-windows-x64.msix",0
2026-09-28,"v0.7.7","ObjectExplorer-0.7.7-arm64.AppImage",2
2026-09-28,"v0.7.7","ObjectExplorer-0.7.7-arm64.dmg",2
2026-09-28,"v0.7.7","ObjectExplorer-0.7.7-arm64.exe",5
2026-09-28,"v0.7.7","ObjectExplorer-0.7.7-arm64.msix",2
2026-09-28,"v0.7.7","ObjectExplorer-0.7.7-x64.AppImage",4
2026-09-28,"v0.7.7","ObjectExplorer-0.7.7-x64.dmg",2
2026-09-28,"v0.7.7","ObjectExplorer-0.7.7-x64.exe",4
2026-09-28,"v0.7.7","ObjectExplorer-0.7.7-x64.msix",3
2026-09-28,"v0.7.6","ObjectExplorer-0.7.6-arm64.AppImage",9
2026-09-28,"v0.7.6","ObjectExplorer-0.7.6-arm64.dmg",28
2026-09-28,"v0.7.6","ObjectExplorer-0.7.6-arm64.exe",21
2026-09-28,"v0.7.6","ObjectExplorer-0.7.6-arm64.msix",9
2026-09-28,"v0.7.6","ObjectExplorer-0.7.6-x64.AppImage",9
2026-09-28,"v0.7.6","ObjectExplorer-0.7.6-x64.dmg",22
2026-09-28,"v0.7.6","ObjectExplorer-0.7.6-x64.exe",21
2026-09-28,"v0.7.6","ObjectExplorer-0.7.6-x64.msix",9
2026-09-28,"v0.7.4","ObjectExplorer-0.7.4-arm64.AppImage",2
2026-09-28,"v0.7.4","ObjectExplorer-0.7.4-arm64.dmg",2
2026-09-28,"v0.7.4","ObjectExplorer-0.7.4-arm64.exe",2
2026-09-28,"v0.7.4","ObjectExplorer-0.7.4-arm64.msix",3
2026-09-28,"v0.7.4","ObjectExplorer-0.7.4-x64.AppImage",3
2026-09-28,"v0.7.4","ObjectExplorer-0.7.4-x64.dmg",2
2026-09-28,"v0.7.4","ObjectExplorer-0.7.4-x64.exe",2
2026-09-28,"v0.7.4","ObjectExplorer-0.7.4-x64.msix",3
2026-09-28,"v0.7.2","ObjectExplorer-0.7.2-arm64.AppImage",1
2026-09-28,"v0.7.2","ObjectExplorer-0.7.2-arm64.dmg",2
2026-09-28,"v0.7.2","ObjectExplorer-0.7.2-arm64.exe",1
2026-09-28,"v0.7.2","ObjectExplorer-0.7.2-arm64.msix",1
2026-09-28,"v0.7.2","ObjectExplorer-0.7.2-x64.AppImage",1
2026-09-28,"v0.7.2","ObjectExplorer-0.7.2-x64.dmg",1
2026-09-28,"v0.7.2","ObjectExplorer-0.7.2-x64.exe",1
2026-09-28,"v0.7.2","ObjectExplorer-0.7.2-x64.msix",2
2026-09-28,"v0.7.0","ObjectExplorer-0.7.0-arm64.AppImage",0
2026-09-28,"v0.7.0","ObjectExplorer-0.7.0-arm64.dmg",0
2026-09-28,"v0.7.0","ObjectExplorer-0.7.0-arm64.exe",0
2026-09-28,"v0.7.0","ObjectExplorer-0.7.0-arm64.msix",0
2026-09-28,"v0.7.0","ObjectExplorer-0.7.0-x64.AppImage",0
2026-09-28,"v0.7.0","ObjectExplorer-0.7.0-x64.dmg",0
2026-09-28,"v0.7.0","ObjectExplorer-0.7.0-x64.exe",0
2026-09-28,"v0.7.0","ObjectExplorer-0.7.0-x64.msix",0
2026-09-28,"latest","ObjectExplorer-linux-arm64.AppImage",0
2026-09-28,"latest","ObjectExplorer-linux-x64.AppImage",0
2026-09-28,"latest","ObjectExplorer-mac-arm64.dmg",0
2026-09-28,"latest","ObjectExplorer-mac-x64.dmg",0
2026-09-28,"latest","ObjectExplorer-windows-arm64.exe",0
2026-09-28,"latest","ObjectExplorer-windows-arm64.msix",1
2026-09-28,"latest","ObjectExplorer-windows-x64.exe",0
2026-09-28,"latest","ObjectExplorer-windows-x64.msix",0
2026-09-29,"v0.8.0","ObjectExplorer-0.8.0-arm64.AppImage",0
2026-09-29,"v0.8.0","ObjectExplorer-0.8.0-arm64.dmg",0
2026-09-29,"v0.8.0","ObjectExplorer-0.8.0-arm64.exe",0
2026-09-29,"v0.8.0","ObjectExplorer-0.8.0-arm64.msix",0
2026-09-29,"v0.8.0","ObjectExplorer-0.8.0-x64.AppImage",0
2026-09-29,"v0.8.0","ObjectExplorer-0.8.0-x64.dmg",1
2026-09-29,"v0.8.0","ObjectExplorer-0.8.0-x64.exe",1
2026-09-29,"v0.8.0","ObjectExplorer-0.8.0-x64.msix",0
2026-09-29,"v0.7.7","ObjectExplorer-0.7.7-arm64.AppImage",4
2026-09-29,"v0.7.7","ObjectExplorer-0.7.7-arm64.dmg",3
2026-09-29,"v0.7.7","ObjectExplorer-0.7.7-arm64.exe",5
2026-09-29,"v0.7.7","ObjectExplorer-0.7.7-arm64.msix",4
2026-09-29,"v0.7.7","ObjectExplorer-0.7.7-x64.AppImage",5
2026-09-29,"v0.7.7","ObjectExplorer-0.7.7-x64.dmg",3
2026-09-29,"v0.7.7","ObjectExplorer-0.7.7-x64.exe",4
2026-09-29,"v0.7.7","ObjectExplorer-0.7.7-x64.msix",3
2026-09-29,"v0.7.6","ObjectExplorer-0.7.6-arm64.AppImage",9
2026-09-29,"v0.7.6","ObjectExplorer-0.7.6-arm64.dmg",28
2026-09-29,"v0.7.6","ObjectExplorer-0.7.6-arm64.exe",21
2026-09-29,"v0.7.6","ObjectExplorer-0.7.6-arm64.msix",9
2026-09-29,"v0.7.6","ObjectExplorer-0.7.6-x64.AppImage",9
2026-09-29,"v0.7.6","ObjectExplorer-0.7.6-x64.dmg",22
2026-09-29,"v0.7.6","ObjectExplorer-0.7.6-x64.exe",21
2026-09-29,"v0.7.6","ObjectExplorer-0.7.6-x64.msix",9
2026-09-29,"v0.7.4","ObjectExplorer-0.7.4-arm64.AppImage",2
2026-09-29,"v0.7.4","ObjectExplorer-0.7.4-arm64.dmg",2
2026-09-29,"v0.7.4","ObjectExplorer-0.7.4-arm64.exe",2
2026-09-29,"v0.7.4","ObjectExplorer-0.7.4-arm64.msix",3
2026-09-29,"v0.7.4","ObjectExplorer-0.7.4-x64.AppImage",3
2026-09-29,"v0.7.4","ObjectExplorer-0.7.4-x64.dmg",2
2026-09-29,"v0.7.4","ObjectExplorer-0.7.4-x64.exe",2
2026-09-29,"v0.7.4","ObjectExplorer-0.7.4-x64.msix",3
2026-09-29,"v0.7.2","ObjectExplorer-0.7.2-arm64.AppImage",1
2026-09-29,"v0.7.2","ObjectExplorer-0.7.2-arm64.dmg",2
2026-09-29,"v0.7.2","ObjectExplorer-0.7.2-arm64.exe",1
2026-09-29,"v0.7.2","ObjectExplorer-0.7.2-arm64.msix",1
2026-09-29,"v0.7.2","ObjectExplorer-0.7.2-x64.AppImage",1
2026-09-29,"v0.7.2","ObjectExplorer-0.7.2-x64.dmg",1
2026-09-29,"v0.7.2","ObjectExplorer-0.7.2-x64.exe",1
2026-09-29,"v0.7.2","ObjectExplorer-0.7.2-x64.msix",2
2026-09-29,"v0.7.0","ObjectExplorer-0.7.0-arm64.AppImage",0
2026-09-29,"v0.7.0","ObjectExplorer-0.7.0-arm64.dmg",0
2026-09-29,"v0.7.0","ObjectExplorer-0.7.0-arm64.exe",0
2026-09-29,"v0.7.0","ObjectExplorer-0.7.0-arm64.msix",0
2026-09-29,"v0.7.0","ObjectExplorer-0.7.0-x64.AppImage",0
2026-09-29,"v0.7.0","ObjectExplorer-0.7.0-x64.dmg",0
2026-09-29,"v0.7.0","ObjectExplorer-0.7.0-x64.exe",0
2026-09-29,"v0.7.0","ObjectExplorer-0.7.0-x64.msix",0
2026-09-29,"latest","ObjectExplorer-linux-arm64.AppImage",0
2026-09-29,"latest","ObjectExplorer-linux-x64.AppImage",0
2026-09-29,"latest","ObjectExplorer-mac-arm64.dmg",0
2026-09-29,"latest","ObjectExplorer-mac-x64.dmg",0
2026-09-29,"latest","ObjectExplorer-windows-arm64.exe",0
2026-09-29,"latest","ObjectExplorer-windows-arm64.msix",1
2026-09-29,"latest","ObjectExplorer-windows-x64.exe",0
2026-09-29,"latest","ObjectExplorer-windows-x64.msix",0
2026-09-30,"v0.8.2","ObjectExplorer-0.8.2-arm64.AppImage",1
2026-09-30,"v0.8.2","ObjectExplorer-0.8.2-arm64.dmg",2
2026-09-30,"v0.8.2","ObjectExplorer-0.8.2-arm64.exe",0
2026-09-30,"v0.8.2","ObjectExplorer-0.8.2-arm64.msix",1
2026-09-30,"v0.8.2","ObjectExplorer-0.8.2-x64.AppImage",1
2026-09-30,"v0.8.2","ObjectExplorer-0.8.2-x64.dmg",1
2026-09-30,"v0.8.2","ObjectExplorer-0.8.2-x64.exe",0
2026-09-30,"v0.8.2","ObjectExplorer-0.8.2-x64.msix",0
2026-09-30,"v0.8.1","ObjectExplorer-0.8.1-arm64.AppImage",1
2026-09-30,"v0.8.1","ObjectExplorer-0.8.1-arm64.dmg",0
2026-09-30,"v0.8.1","ObjectExplorer-0.8.1-arm64.exe",0
2026-09-30,"v0.8.1","ObjectExplorer-0.8.1-arm64.msix",0
2026-09-30,"v0.8.1","ObjectExplorer-0.8.1-x64.AppImage",0
2026-09-30,"v0.8.1","ObjectExplorer-0.8.1-x64.dmg",0
2026-09-30,"v0.8.1","ObjectExplorer-0.8.1-x64.exe",0
2026-09-30,"v0.8.1","ObjectExplorer-0.8.1-x64.msix",0
2026-09-30,"v0.8.0","ObjectExplorer-0.8.0-arm64.AppImage",0
2026-09-30,"v0.8.0","ObjectExplorer-0.8.0-arm64.dmg",0
2026-09-30,"v0.8.0","ObjectExplorer-0.8.0-arm64.exe",0
2026-09-30,"v0.8.0","ObjectExplorer-0.8.0-arm64.msix",0
2026-09-30,"v0.8.0","ObjectExplorer-0.8.0-x64.AppImage",0
2026-09-30,"v0.8.0","ObjectExplorer-0.8.0-x64.dmg",1
2026-09-30,"v0.8.0","ObjectExplorer-0.8.0-x64.exe",1
2026-09-30,"v0.8.0","ObjectExplorer-0.8.0-x64.msix",0
2026-09-30,"v0.7.7","ObjectExplorer-0.7.7-arm64.AppImage",4
2026-09-30,"v0.7.7","ObjectExplorer-0.7.7-arm64.dmg",3
2026-09-30,"v0.7.7","ObjectExplorer-0.7.7-arm64.exe",5
2026-09-30,"v0.7.7","ObjectExplorer-0.7.7-arm64.msix",4
2026-09-30,"v0.7.7","ObjectExplorer-0.7.7-x64.AppImage",5
2026-09-30,"v0.7.7","ObjectExplorer-0.7.7-x64.dmg",3
2026-09-30,"v0.7.7","ObjectExplorer-0.7.7-x64.exe",4
2026-09-30,"v0.7.7","ObjectExplorer-0.7.7-x64.msix",3
2026-09-30,"v0.7.6","ObjectExplorer-0.7.6-arm64.AppImage",9
2026-09-30,"v0.7.6","ObjectExplorer-0.7.6-arm64.dmg",28
2026-09-30,"v0.7.6","ObjectExplorer-0.7.6-arm64.exe",21
2026-09-30,"v0.7.6","ObjectExplorer-0.7.6-arm64.msix",9
2026-09-30,"v0.7.6","ObjectExplorer-0.7.6-x64.AppImage",9
2026-09-30,"v0.7.6","ObjectExplorer-0.7.6-x64.dmg",22
2026-09-30,"v0.7.6","ObjectExplorer-0.7.6-x64.exe",21
2026-09-30,"v0.7.6","ObjectExplorer-0.7.6-x64.msix",9
2026-09-30,"v0.7.4","ObjectExplorer-0.7.4-arm64.AppImage",2
2026-09-30,"v0.7.4","ObjectExplorer-0.7.4-arm64.dmg",2
2026-09-30,"v0.7.4","ObjectExplorer-0.7.4-arm64.exe",2
2026-09-30,"v0.7.4","ObjectExplorer-0.7.4-arm64.msix",3
2026-09-30,"v0.7.4","ObjectExplorer-0.7.4-x64.AppImage",3
2026-09-30,"v0.7.4","ObjectExplorer-0.7.4-x64.dmg",2
2026-09-30,"v0.7.4","ObjectExplorer-0.7.4-x64.exe",2
2026-09-30,"v0.7.4","ObjectExplorer-0.7.4-x64.msix",3
2026-09-30,"v0.7.2","ObjectExplorer-0.7.2-arm64.AppImage",1
2026-09-30,"v0.7.2","ObjectExplorer-0.7.2-arm64.dmg",2
2026-09-30,"v0.7.2","ObjectExplorer-0.7.2-arm64.exe",1
2026-09-30,"v0.7.2","ObjectExplorer-0.7.2-arm64.msix",1
2026-09-30,"v0.7.2","ObjectExplorer-0.7.2-x64.AppImage",1
2026-09-30,"v0.7.2","ObjectExplorer-0.7.2-x64.dmg",1
2026-09-30,"v0.7.2","ObjectExplorer-0.7.2-x64.exe",1
2026-09-30,"v0.7.2","ObjectExplorer-0.7.2-x64.msix",2
2026-09-30,"v0.7.0","ObjectExplorer-0.7.0-arm64.AppImage",0
2026-09-30,"v0.7.0","ObjectExplorer-0.7.0-arm64.dmg",0
2026-09-30,"v0.7.0","ObjectExplorer-0.7.0-arm64.exe",0
2026-09-30,"v0.7.0","ObjectExplorer-0.7.0-arm64.msix",0
2026-09-30,"v0.7.0","ObjectExplorer-0.7.0-x64.AppImage",0
2026-09-30,"v0.7.0","ObjectExplorer-0.7.0-x64.dmg",0
2026-09-30,"v0.7.0","ObjectExplorer-0.7.0-x64.exe",0
2026-09-30,"v0.7.0","ObjectExplorer-0.7.0-x64.msix",0
2026-09-30,"latest","ObjectExplorer-linux-arm64.AppImage",0
2026-09-30,"latest","ObjectExplorer-linux-x64.AppImage",0
2026-09-30,"latest","ObjectExplorer-mac-arm64.dmg",0
2026-09-30,"latest","ObjectExplorer-mac-x64.dmg",0
2026-09-30,"latest","ObjectExplorer-windows-arm64.exe",0
2026-09-30,"latest","ObjectExplorer-windows-arm64.msix",1
2026-09-30,"latest","ObjectExplorer-windows-x64.exe",0
2026-09-30,"latest","ObjectExplorer-windows-x64.msix",0
2026-10-01,"v0.8.3","ObjectExplorer-0.8.3-arm64.AppImage",3
2026-10-01,"v0.8.3","ObjectExplorer-0.8.3-arm64.dmg",3
2026-10-01,"v0.8.3","ObjectExplorer-0.8.3-arm64.exe",2
2026-10-01,"v0.8.3","ObjectExplorer-0.8.3-arm64.msix",3
2026-10-01,"v0.8.3","ObjectExplorer-0.8.3-x64.AppImage",2
2026-10-01,"v0.8.3","ObjectExplorer-0.8.3-x64.dmg",1
2026-10-01,"v0.8.3","ObjectExplorer-0.8.3-x64.exe",2
2026-10-01,"v0.8.3","ObjectExplorer-0.8.3-x64.msix",1
2026-10-01,"v0.8.2","ObjectExplorer-0.8.2-arm64.AppImage",1
2026-10-01,"v0.8.2","ObjectExplorer-0.8.2-arm64.dmg",2
2026-10-01,"v0.8.2","ObjectExplorer-0.8.2-arm64.exe",0
2026-10-01,"v0.8.2","ObjectExplorer-0.8.2-arm64.msix",1
2026-10-01,"v0.8.2","ObjectExplorer-0.8.2-x64.AppImage",1
2026-10-01,"v0.8.2","ObjectExplorer-0.8.2-x64.dmg",1
2026-10-01,"v0.8.2","ObjectExplorer-0.8.2-x64.exe",0
2026-10-01,"v0.8.2","ObjectExplorer-0.8.2-x64.msix",0
2026-10-01,"v0.8.1","ObjectExplorer-0.8.1-arm64.AppImage",1
2026-10-01,"v0.8.1","ObjectExplorer-0.8.1-arm64.dmg",0
2026-10-01,"v0.8.1","ObjectExplorer-0.8.1-arm64.exe",0
2026-10-01,"v0.8.1","ObjectExplorer-0.8.1-arm64.msix",0
2026-10-01,"v0.8.1","ObjectExplorer-0.8.1-x64.AppImage",0
2026-10-01,"v0.8.1","ObjectExplorer-0.8.1-x64.dmg",0
2026-10-01,"v0.8.1","ObjectExplorer-0.8.1-x64.exe",0
2026-10-01,"v0.8.1","ObjectExplorer-0.8.1-x64.msix",0
2026-10-01,"v0.8.0","ObjectExplorer-0.8.0-arm64.AppImage",0
2026-10-01,"v0.8.0","ObjectExplorer-0.8.0-arm64.dmg",0
2026-10-01,"v0.8.0","ObjectExplorer-0.8.0-arm64.exe",0
2026-10-01,"v0.8.0","ObjectExplorer-0.8.0-arm64.msix",0
2026-10-01,"v0.8.0","ObjectExplorer-0.8.0-x64.AppImage",0
2026-10-01,"v0.8.0","ObjectExplorer-0.8.0-x64.dmg",1
2026-10-01,"v0.8.0","ObjectExplorer-0.8.0-x64.exe",1
2026-10-01,"v0.8.0","ObjectExplorer-0.8.0-x64.msix",0
2026-10-01,"v0.7.7","ObjectExplorer-0.7.7-arm64.AppImage",4
2026-10-01,"v0.7.7","ObjectExplorer-0.7.7-arm64.dmg",3
2026-10-01,"v0.7.7","ObjectExplorer-0.7.7-arm64.exe",5
2026-10-01,"v0.7.7","ObjectExplorer-0.7.7-arm64.msix",4
2026-10-01,"v0.7.7","ObjectExplorer-0.7.7-x64.AppImage",5
2026-10-01,"v0.7.7","ObjectExplorer-0.7.7-x64.dmg",3
2026-10-01,"v0.7.7","ObjectExplorer-0.7.7-x64.exe",4
2026-10-01,"v0.7.7","ObjectExplorer-0.7.7-x64.msix",3
2026-10-01,"v0.7.6","ObjectExplorer-0.7.6-arm64.AppImage",9
2026-10-01,"v0.7.6","ObjectExplorer-0.7.6-arm64.dmg",28
2026-10-01,"v0.7.6","ObjectExplorer-0.7.6-arm64.exe",21
2026-10-01,"v0.7.6","ObjectExplorer-0.7.6-arm64.msix",9
2026-10-01,"v0.7.6","ObjectExplorer-0.7.6-x64.AppImage",9
2026-10-01,"v0.7.6","ObjectExplorer-0.7.6-x64.dmg",22
2026-10-01,"v0.7.6","ObjectExplorer-0.7.6-x64.exe",21
2026-10-01,"v0.7.6","ObjectExplorer-0.7.6-x64.msix",9
2026-10-01,"v0.7.4","ObjectExplorer-0.7.4-arm64.AppImage",2
2026-10-01,"v0.7.4","ObjectExplorer-0.7.4-arm64.dmg",2
2026-10-01,"v0.7.4","ObjectExplorer-0.7.4-arm64.exe",2
2026-10-01,"v0.7.4","ObjectExplorer-0.7.4-arm64.msix",3
2026-10-01,"v0.7.4","ObjectExplorer-0.7.4-x64.AppImage",3
2026-10-01,"v0.7.4","ObjectExplorer-0.7.4-x64.dmg",2
2026-10-01,"v0.7.4","ObjectExplorer-0.7.4-x64.exe",2
2026-10-01,"v0.7.4","ObjectExplorer-0.7.4-x64.msix",3
2026-10-01,"v0.7.2","ObjectExplorer-0.7.2-arm64.AppImage",1
2026-10-01,"v0.7.2","ObjectExplorer-0.7.2-arm64.dmg",2
2026-10-01,"v0.7.2","ObjectExplorer-0.7.2-arm64.exe",1
2026-10-01,"v0.7.2","ObjectExplorer-0.7.2-arm64.msix",1
2026-10-01,"v0.7.2","ObjectExplorer-0.7.2-x64.AppImage",1
2026-10-01,"v0.7.2","ObjectExplorer-0.7.2-x64.dmg",1
2026-10-01,"v0.7.2","ObjectExplorer-0.7.2-x64.exe",1
2026-10-01,"v0.7.2","ObjectExplorer-0.7.2-x64.msix",2
2026-10-01,"v0.7.0","ObjectExplorer-0.7.0-arm64.AppImage",0
2026-10-01,"v0.7.0","ObjectExplorer-0.7.0-arm64.dmg",0
2026-10-01,"v0.7.0","ObjectExplorer-0.7.0-arm64.exe",0
2026-10-01,"v0.7.0","ObjectExplorer-0.7.0-arm64.msix",0
2026-10-01,"v0.7.0","ObjectExplorer-0.7.0-x64.AppImage",0
2026-10-01,"v0.7.0","ObjectExplorer-0.7.0-x64.dmg",0
2026-10-01,"v0.7.0","ObjectExplorer-0.7.0-x64.exe",0
2026-10-01,"v0.7.0","ObjectExplorer-0.7.0-x64.msix",0
2026-10-01,"latest","ObjectExplorer-linux-arm64.AppImage",0
2026-10-01,"latest","ObjectExplorer-linux-x64.AppImage",0
2026-10-01,"latest","ObjectExplorer-mac-arm64.dmg",0
2026-10-01,"latest","ObjectExplorer-mac-x64.dmg",0
2026-10-01,"latest","ObjectExplorer-windows-arm64.exe",0
2026-10-01,"latest","ObjectExplorer-windows-arm64.msix",1
2026-10-01,"latest","ObjectExplorer-windows-x64.exe",0
2026-10-01,"latest","ObjectExplorer-windows-x64.msix",0
2026-10-02,"v0.8.3","ObjectExplorer-0.8.3-arm64.AppImage",5
2026-10-02,"v0.8.3","ObjectExplorer-0.8.3-arm64.dmg",3
2026-10-02,"v0.8.3","ObjectExplorer-0.8.3-arm64.exe",2
2026-10-02,"v0.8.3","ObjectExplorer-0.8.3-arm64.msix",4
2026-10-02,"v0.8.3","ObjectExplorer-0.8.3-x64.AppImage",5
2026-10-02,"v0.8.3","ObjectExplorer-0.8.3-x64.dmg",1
2026-10-02,"v0.8.3","ObjectExplorer-0.8.3-x64.exe",2
2026-10-02,"v0.8.3","ObjectExplorer-0.8.3-x64.msix",1
2026-10-02,"v0.8.2","ObjectExplorer-0.8.2-arm64.AppImage",1
2026-10-02,"v0.8.2","ObjectExplorer-0.8.2-arm64.dmg",2
2026-10-02,"v0.8.2","ObjectExplorer-0.8.2-arm64.exe",0
2026-10-02,"v0.8.2","ObjectExplorer-0.8.2-arm64.msix",1
2026-10-02,"v0.8.2","ObjectExplorer-0.8.2-x64.AppImage",1
2026-10-02,"v0.8.2","ObjectExplorer-0.8.2-x64.dmg",1
2026-10-02,"v0.8.2","ObjectExplorer-0.8.2-x64.exe",0
2026-10-02,"v0.8.2","ObjectExplorer-0.8.2-x64.msix",0
2026-10-02,"v0.8.1","ObjectExplorer-0.8.1-arm64.AppImage",1
2026-10-02,"v0.8.1","ObjectExplorer-0.8.1-arm64.dmg",0
2026-10-02,"v0.8.1","ObjectExplorer-0.8.1-arm64.exe",0
2026-10-02,"v0.8.1","ObjectExplorer-0.8.1-arm64.msix",0
2026-10-02,"v0.8.1","ObjectExplorer-0.8.1-x64.AppImage",0
2026-10-02,"v0.8.1","ObjectExplorer-0.8.1-x64.dmg",0
2026-10-02,"v0.8.1","ObjectExplorer-0.8.1-x64.exe",0
2026-10-02,"v0.8.1","ObjectExplorer-0.8.1-x64.msix",0
2026-10-02,"v0.8.0","ObjectExplorer-0.8.0-arm64.AppImage",0
2026-10-02,"v0.8.0","ObjectExplorer-0.8.0-arm64.dmg",0
2026-10-02,"v0.8.0","ObjectExplorer-0.8.0-arm64.exe",0
2026-10-02,"v0.8.0","ObjectExplorer-0.8.0-arm64.msix",0
2026-10-02,"v0.8.0","ObjectExplorer-0.8.0-x64.AppImage",0
2026-10-02,"v0.8.0","ObjectExplorer-0.8.0-x64.dmg",1
2026-10-02,"v0.8.0","ObjectExplorer-0.8.0-x64.exe",1
2026-10-02,"v0.8.0","ObjectExplorer-0.8.0-x64.msix",0
2026-10-02,"v0.7.7","ObjectExplorer-0.7.7-arm64.AppImage",4
2026-10-02,"v0.7.7","ObjectExplorer-0.7.7-arm64.dmg",3
2026-10-02,"v0.7.7","ObjectExplorer-0.7.7-arm64.exe",5
2026-10-02,"v0.7.7","ObjectExplorer-0.7.7-arm64.msix",4
2026-10-02,"v0.7.7","ObjectExplorer-0.7.7-x64.AppImage",5
2026-10-02,"v0.7.7","ObjectExplorer-0.7.7-x64.dmg",3
2026-10-02,"v0.7.7","ObjectExplorer-0.7.7-x64.exe",4
2026-10-02,"v0.7.7","ObjectExplorer-0.7.7-x64.msix",3
2026-10-02,"v0.7.6","ObjectExplorer-0.7.6-arm64.AppImage",9
2026-10-02,"v0.7.6","ObjectExplorer-0.7.6-arm64.dmg",28
2026-10-02,"v0.7.6","ObjectExplorer-0.7.6-arm64.exe",21
2026-10-02,"v0.7.6","ObjectExplorer-0.7.6-arm64.msix",9
2026-10-02,"v0.7.6","ObjectExplorer-0.7.6-x64.AppImage",9
2026-10-02,"v0.7.6","ObjectExplorer-0.7.6-x64.dmg",22
2026-10-02,"v0.7.6","ObjectExplorer-0.7.6-x64.exe",21
2026-10-02,"v0.7.6","ObjectExplorer-0.7.6-x64.msix",9
2026-10-02,"v0.7.4","ObjectExplorer-0.7.4-arm64.AppImage",2
2026-10-02,"v0.7.4","ObjectExplorer-0.7.4-arm64.dmg",2
2026-10-02,"v0.7.4","ObjectExplorer-0.7.4-arm64.exe",2
2026-10-02,"v0.7.4","ObjectExplorer-0.7.4-arm64.msix",3
2026-10-02,"v0.7.4","ObjectExplorer-0.7.4-x64.AppImage",3
2026-10-02,"v0.7.4","ObjectExplorer-0.7.4-x64.dmg",2
2026-10-02,"v0.7.4","ObjectExplorer-0.7.4-x64.exe",2
2026-10-02,"v0.7.4","ObjectExplorer-0.7.4-x64.msix",3
2026-10-02,"v0.7.2","ObjectExplorer-0.7.2-arm64.AppImage",1
2026-10-02,"v0.7.2","ObjectExplorer-0.7.2-arm64.dmg",2
2026-10-02,"v0.7.2","ObjectExplorer-0.7.2-arm64.exe",1
2026-10-02,"v0.7.2","ObjectExplorer-0.7.2-arm64.msix",1
2026-10-02,"v0.7.2","ObjectExplorer-0.7.2-x64.AppImage",1
2026-10-02,"v0.7.2","ObjectExplorer-0.7.2-x64.dmg",1
2026-10-02,"v0.7.2","ObjectExplorer-0.7.2-x64.exe",1
2026-10-02,"v0.7.2","ObjectExplorer-0.7.2-x64.msix",2
2026-10-02,"v0.7.0","ObjectExplorer-0.7.0-arm64.AppImage",0
2026-10-02,"v0.7.0","ObjectExplorer-0.7.0-arm64.dmg",0
2026-10-02,"v0.7.0","ObjectExplorer-0.7.0-arm64.exe",0
2026-10-02,"v0.7.0","ObjectExplorer-0.7.0-arm64.msix",0
2026-10-02,"v0.7.0","ObjectExplorer-0.7.0-x64.AppImage",0
2026-10-02,"v0.7.0","ObjectExplorer-0.7.0-x64.dmg",0
2026-10-02,"v0.7.0","ObjectExplorer-0.7.0-x64.exe",0
2026-10-02,"v0.7.0","ObjectExplorer-0.7.0-x64.msix",0
2026-10-02,"latest","ObjectExplorer-linux-arm64.AppImage",0
2026-10-02,"latest","ObjectExplorer-linux-x64.AppImage",0
2026-10-02,"latest","ObjectExplorer-mac-arm64.dmg",0
2026-10-02,"latest","ObjectExplorer-mac-x64.dmg",0
2026-10-02,"latest","ObjectExplorer-windows-arm64.exe",0
2026-10-02,"latest","ObjectExplorer-windows-arm64.msix",1
2026-10-02,"latest","ObjectExplorer-windows-x64.exe",0
2026-10-02,"latest","ObjectExplorer-windows-x64.msix",0
2026-10-03,"v0.8.4","ObjectExplorer-0.8.4-arm64.AppImage",2
2026-10-03,"v0.8.4","ObjectExplorer-0.8.4-arm64.dmg",1
2026-10-03,"v0.8.4","ObjectExplorer-0.8.4-arm64.exe",4
2026-10-03,"v0.8.4","ObjectExplorer-0.8.4-arm64.msix",1
2026-10-03,"v0.8.4","ObjectExplorer-0.8.4-x64.AppImage",2
2026-10-03,"v0.8.4","ObjectExplorer-0.8.4-x64.dmg",1
2026-10-03,"v0.8.4","ObjectExplorer-0.8.4-x64.exe",3
2026-10-03,"v0.8.4","ObjectExplorer-0.8.4-x64.msix",1
2026-10-03,"v0.8.3","ObjectExplorer-0.8.3-arm64.AppImage",5
2026-10-03,"v0.8.3","ObjectExplorer-0.8.3-arm64.dmg",3
2026-10-03,"v0.8.3","ObjectExplorer-0.8.3-arm64.exe",2
2026-10-03,"v0.8.3","ObjectExplorer-0.8.3-arm64.msix",4
2026-10-03,"v0.8.3","ObjectExplorer-0.8.3-x64.AppImage",5
2026-10-03,"v0.8.3","ObjectExplorer-0.8.3-x64.dmg",1
2026-10-03,"v0.8.3","ObjectExplorer-0.8.3-x64.exe",2
2026-10-03,"v0.8.3","ObjectExplorer-0.8.3-x64.msix",1
2026-10-03,"v0.8.2","ObjectExplorer-0.8.2-arm64.AppImage",1
2026-10-03,"v0.8.2","ObjectExplorer-0.8.2-arm64.dmg",2
2026-10-03,"v0.8.2","ObjectExplorer-0.8.2-arm64.exe",0
2026-10-03,"v0.8.2","ObjectExplorer-0.8.2-arm64.msix",1
2026-10-03,"v0.8.2","ObjectExplorer-0.8.2-x64.AppImage",1
2026-10-03,"v0.8.2","ObjectExplorer-0.8.2-x64.dmg",1
2026-10-03,"v0.8.2","ObjectExplorer-0.8.2-x64.exe",0
2026-10-03,"v0.8.2","ObjectExplorer-0.8.2-x64.msix",0
2026-10-03,"v0.8.1","ObjectExplorer-0.8.1-arm64.AppImage",1
2026-10-03,"v0.8.1","ObjectExplorer-0.8.1-arm64.dmg",0
2026-10-03,"v0.8.1","ObjectExplorer-0.8.1-arm64.exe",0
2026-10-03,"v0.8.1","ObjectExplorer-0.8.1-arm64.msix",0
2026-10-03,"v0.8.1","ObjectExplorer-0.8.1-x64.AppImage",0
2026-10-03,"v0.8.1","ObjectExplorer-0.8.1-x64.dmg",0
2026-10-03,"v0.8.1","ObjectExplorer-0.8.1-x64.exe",0
2026-10-03,"v0.8.1","ObjectExplorer-0.8.1-x64.msix",0
2026-10-03,"v0.8.0","ObjectExplorer-0.8.0-arm64.AppImage",0
2026-10-03,"v0.8.0","ObjectExplorer-0.8.0-arm64.dmg",0
2026-10-03,"v0.8.0","ObjectExplorer-0.8.0-arm64.exe",0
2026-10-03,"v0.8.0","ObjectExplorer-0.8.0-arm64.msix",0
2026-10-03,"v0.8.0","ObjectExplorer-0.8.0-x64.AppImage",0
2026-10-03,"v0.8.0","ObjectExplorer-0.8.0-x64.dmg",1
2026-10-03,"v0.8.0","ObjectExplorer-0.8.0-x64.exe",1
2026-10-03,"v0.8.0","ObjectExplorer-0.8.0-x64.msix",0
2026-10-03,"v0.7.7","ObjectExplorer-0.7.7-arm64.AppImage",4
2026-10-03,"v0.7.7","ObjectExplorer-0.7.7-arm64.dmg",3
2026-10-03,"v0.7.7","ObjectExplorer-0.7.7-arm64.exe",5
2026-10-03,"v0.7.7","ObjectExplorer-0.7.7-arm64.msix",4
2026-10-03,"v0.7.7","ObjectExplorer-0.7.7-x64.AppImage",5
2026-10-03,"v0.7.7","ObjectExplorer-0.7.7-x64.dmg",3
2026-10-03,"v0.7.7","ObjectExplorer-0.7.7-x64.exe",4
2026-10-03,"v0.7.7","ObjectExplorer-0.7.7-x64.msix",3
2026-10-03,"v0.7.6","ObjectExplorer-0.7.6-arm64.AppImage",9
2026-10-03,"v0.7.6","ObjectExplorer-0.7.6-arm64.dmg",28
2026-10-03,"v0.7.6","ObjectExplorer-0.7.6-arm64.exe",21
2026-10-03,"v0.7.6","ObjectExplorer-0.7.6-arm64.msix",9
2026-10-03,"v0.7.6","ObjectExplorer-0.7.6-x64.AppImage",9
2026-10-03,"v0.7.6","ObjectExplorer-0.7.6-x64.dmg",22
2026-10-03,"v0.7.6","ObjectExplorer-0.7.6-x64.exe",21
2026-10-03,"v0.7.6","ObjectExplorer-0.7.6-x64.msix",9
2026-10-03,"v0.7.4","ObjectExplorer-0.7.4-arm64.AppImage",2
2026-10-03,"v0.7.4","ObjectExplorer-0.7.4-arm64.dmg",2
2026-10-03,"v0.7.4","ObjectExplorer-0.7.4-arm64.exe",2
2026-10-03,"v0.7.4","ObjectExplorer-0.7.4-arm64.msix",3
2026-10-03,"v0.7.4","ObjectExplorer-0.7.4-x64.AppImage",3
2026-10-03,"v0.7.4","ObjectExplorer-0.7.4-x64.dmg",2
2026-10-03,"v0.7.4","ObjectExplorer-0.7.4-x64.exe",2
2026-10-03,"v0.7.4","ObjectExplorer-0.7.4-x64.msix",3
2026-10-03,"v0.7.2","ObjectExplorer-0.7.2-arm64.AppImage",1
2026-10-03,"v0.7.2","ObjectExplorer-0.7.2-arm64.dmg",2
2026-10-03,"v0.7.2","ObjectExplorer-0.7.2-arm64.exe",1
2026-10-03,"v0.7.2","ObjectExplorer-0.7.2-arm64.msix",1
2026-10-03,"v0.7.2","ObjectExplorer-0.7.2-x64.AppImage",1
2026-10-03,"v0.7.2","ObjectExplorer-0.7.2-x64.dmg",1
2026-10-03,"v0.7.2","ObjectExplorer-0.7.2-x64.exe",1
2026-10-03,"v0.7.2","ObjectExplorer-0.7.2-x64.msix",2
2026-10-03,"v0.7.0","ObjectExplorer-0.7.0-arm64.AppImage",0
2026-10-03,"v0.7.0","ObjectExplorer-0.7.0-arm64.dmg",0
2026-10-03,"v0.7.0","ObjectExplorer-0.7.0-arm64.exe",0
2026-10-03,"v0.7.0","ObjectExplorer-0.7.0-arm64.msix",0
2026-10-03,"v0.7.0","ObjectExplorer-0.7.0-x64.AppImage",0
2026-10-03,"v0.7.0","ObjectExplorer-0.7.0-x64.dmg",0
2026-10-03,"v0.7.0","ObjectExplorer-0.7.0-x64.exe",0
2026-10-03,"v0.7.0","ObjectExplorer-0.7.0-x64.msix",0
2026-10-03,"latest","ObjectExplorer-linux-arm64.AppImage",0
2026-10-03,"latest","ObjectExplorer-linux-x64.AppImage",0
2026-10-03,"latest","ObjectExplorer-mac-arm64.dmg",0
2026-10-03,"latest","ObjectExplorer-mac-x64.dmg",0
2026-10-03,"latest","ObjectExplorer-windows-arm64.exe",0
2026-10-03,"latest","ObjectExplorer-windows-arm64.msix",1
2026-10-03,"latest","ObjectExplorer-windows-x64.exe",0
2026-10-03,"latest","ObjectExplorer-windows-x64.msix",0
2026-10-04,"v0.8.4","ObjectExplorer-0.8.4-arm64.AppImage",4
2026-10-04,"v0.8.4","ObjectExplorer-0.8.4-arm64.dmg",2
2026-10-04,"v0.8.4","ObjectExplorer-0.8.4-arm64.exe",4
2026-10-04,"v0.8.4","ObjectExplorer-0.8.4-arm64.msix",4
2026-10-04,"v0.8.4","ObjectExplorer-0.8.4-x64.AppImage",4
2026-10-04,"v0.8.4","ObjectExplorer-0.8.4-x64.dmg",2
2026-10-04,"v0.8.4","ObjectExplorer-0.8.4-x64.exe",3
2026-10-04,"v0.8.4","ObjectExplorer-0.8.4-x64.msix",3
2026-10-04,"v0.8.3","ObjectExplorer-0.8.3-arm64.AppImage",5
2026-10-04,"v0.8.3","ObjectExplorer-0.8.3-arm64.dmg",3
2026-10-04,"v0.8.3","ObjectExplorer-0.8.3-arm64.exe",2
2026-10-04,"v0.8.3","ObjectExplorer-0.8.3-arm64.msix",4
2026-10-04,"v0.8.3","ObjectExplorer-0.8.3-x64.AppImage",5
2026-10-04,"v0.8.3","ObjectExplorer-0.8.3-x64.dmg",1
2026-10-04,"v0.8.3","ObjectExplorer-0.8.3-x64.exe",2
2026-10-04,"v0.8.3","ObjectExplorer-0.8.3-x64.msix",1
2026-10-04,"v0.8.2","ObjectExplorer-0.8.2-arm64.AppImage",1
2026-10-04,"v0.8.2","ObjectExplorer-0.8.2-arm64.dmg",2
2026-10-04,"v0.8.2","ObjectExplorer-0.8.2-arm64.exe",0
2026-10-04,"v0.8.2","ObjectExplorer-0.8.2-arm64.msix",1
2026-10-04,"v0.8.2","ObjectExplorer-0.8.2-x64.AppImage",1
2026-10-04,"v0.8.2","ObjectExplorer-0.8.2-x64.dmg",1
2026-10-04,"v0.8.2","ObjectExplorer-0.8.2-x64.exe",0
2026-10-04,"v0.8.2","ObjectExplorer-0.8.2-x64.msix",0
2026-10-04,"v0.8.1","ObjectExplorer-0.8.1-arm64.AppImage",1
2026-10-04,"v0.8.1","ObjectExplorer-0.8.1-arm64.dmg",0
2026-10-04,"v0.8.1","ObjectExplorer-0.8.1-arm64.exe",0
2026-10-04,"v0.8.1","ObjectExplorer-0.8.1-arm64.msix",0
2026-10-04,"v0.8.1","ObjectExplorer-0.8.1-x64.AppImage",0
2026-10-04,"v0.8.1","ObjectExplorer-0.8.1-x64.dmg",0
2026-10-04,"v0.8.1","ObjectExplorer-0.8.1-x64.exe",0
2026-10-04,"v0.8.1","ObjectExplorer-0.8.1-x64.msix",0
2026-10-04,"v0.8.0","ObjectExplorer-0.8.0-arm64.AppImage",0
2026-10-04,"v0.8.0","ObjectExplorer-0.8.0-arm64.dmg",0
2026-10-04,"v0.8.0","ObjectExplorer-0.8.0-arm64.exe",0
2026-10-04,"v0.8.0","ObjectExplorer-0.8.0-arm64.msix",0
2026-10-04,"v0.8.0","ObjectExplorer-0.8.0-x64.AppImage",0
2026-10-04,"v0.8.0","ObjectExplorer-0.8.0-x64.dmg",1
2026-10-04,"v0.8.0","ObjectExplorer-0.8.0-x64.exe",1
2026-10-04,"v0.8.0","ObjectExplorer-0.8.0-x64.msix",0
2026-10-04,"v0.7.7","ObjectExplorer-0.7.7-arm64.AppImage",4
2026-10-04,"v0.7.7","ObjectExplorer-0.7.7-arm64.dmg",3
2026-10-04,"v0.7.7","ObjectExplorer-0.7.7-arm64.exe",5
2026-10-04,"v0.7.7","ObjectExplorer-0.7.7-arm64.msix",4
2026-10-04,"v0.7.7","ObjectExplorer-0.7.7-x64.AppImage",5
2026-10-04,"v0.7.7","ObjectExplorer-0.7.7-x64.dmg",3
2026-10-04,"v0.7.7","ObjectExplorer-0.7.7-x64.exe",4
2026-10-04,"v0.7.7","ObjectExplorer-0.7.7-x64.msix",3
2026-10-04,"v0.7.6","ObjectExplorer-0.7.6-arm64.AppImage",9
2026-10-04,"v0.7.6","ObjectExplorer-0.7.6-arm64.dmg",28
2026-10-04,"v0.7.6","ObjectExplorer-0.7.6-arm64.exe",21
2026-10-04,"v0.7.6","ObjectExplorer-0.7.6-arm64.msix",9
2026-10-04,"v0.7.6","ObjectExplorer-0.7.6-x64.AppImage",9
2026-10-04,"v0.7.6","ObjectExplorer-0.7.6-x64.dmg",22
2026-10-04,"v0.7.6","ObjectExplorer-0.7.6-x64.exe",21
2026-10-04,"v0.7.6","ObjectExplorer-0.7.6-x64.msix",9
2026-10-04,"v0.7.4","ObjectExplorer-0.7.4-arm64.AppImage",2
2026-10-04,"v0.7.4","ObjectExplorer-0.7.4-arm64.dmg",2
2026-10-04,"v0.7.4","ObjectExplorer-0.7.4-arm64.exe",2
2026-10-04,"v0.7.4","ObjectExplorer-0.7.4-arm64.msix",3
2026-10-04,"v0.7.4","ObjectExplorer-0.7.4-x64.AppImage",3
2026-10-04,"v0.7.4","ObjectExplorer-0.7.4-x64.dmg",2
2026-10-04,"v0.7.4","ObjectExplorer-0.7.4-x64.exe",2
2026-10-04,"v0.7.4","ObjectExplorer-0.7.4-x64.msix",3
2026-10-04,"v0.7.2","ObjectExplorer-0.7.2-arm64.AppImage",1
2026-10-04,"v0.7.2","ObjectExplorer-0.7.2-arm64.dmg",2
2026-10-04,"v0.7.2","ObjectExplorer-0.7.2-arm64.exe",1
2026-10-04,"v0.7.2","ObjectExplorer-0.7.2-arm64.msix",1
2026-10-04,"v0.7.2","ObjectExplorer-0.7.2-x64.AppImage",1
2026-10-04,"v0.7.2","ObjectExplorer-0.7.2-x64.dmg",1
2026-10-04,"v0.7.2","ObjectExplorer-0.7.2-x64.exe",1
2026-10-04,"v0.7.2","ObjectExplorer-0.7.2-x64.msix",2
2026-10-04,"v0.7.0","ObjectExplorer-0.7.0-arm64.AppImage",0
2026-10-04,"v0.7.0","ObjectExplorer-0.7.0-arm64.dmg",0
2026-10-04,"v0.7.0","ObjectExplorer-0.7.0-arm64.exe",0
2026-10-04,"v0.7.0","ObjectExplorer-0.7.0-arm64.msix",0
2026-10-04,"v0.7.0","ObjectExplorer-0.7.0-x64.AppImage",0
2026-10-04,"v0.7.0","ObjectExplorer-0.7.0-x64.dmg",0
2026-10-04,"v0.7.0","ObjectExplorer-0.7.0-x64.exe",0
2026-10-04,"v0.7.0","ObjectExplorer-0.7.0-x64.msix",0
2026-10-04,"latest","ObjectExplorer-linux-arm64.AppImage",0
2026-10-04,"latest","ObjectExplorer-linux-x64.AppImage",0
2026-10-04,"latest","ObjectExplorer-mac-arm64.dmg",0
2026-10-04,"latest","ObjectExplorer-mac-x64.dmg",0
2026-10-04,"latest","ObjectExplorer-windows-arm64.exe",0
2026-10-04,"latest","ObjectExplorer-windows-arm64.msix",1
2026-10-04,"latest","ObjectExplorer-windows-x64.exe",0
2026-10-04,"latest","ObjectExplorer-windows-x64.msix",0
2026-10-05,"v0.8.4","ObjectExplorer-0.8.4-arm64.AppImage",5
2026-10-05,"v0.8.4","ObjectExplorer-0.8.4-arm64.dmg",3
2026-10-05,"v0.8.4","ObjectExplorer-0.8.4-arm64.exe",6
2026-10-05,"v0.8.4","ObjectExplorer-0.8.4-arm64.msix",5
2026-10-05,"v0.8.4","ObjectExplorer-0.8.4-x64.AppImage",7
2026-10-05,"v0.8.4","ObjectExplorer-0.8.4-x64.dmg",3
2026-10-05,"v0.8.4","ObjectExplorer-0.8.4-x64.exe",3
2026-10-05,"v0.8.4","ObjectExplorer-0.8.4-x64.msix",6
2026-10-05,"v0.8.3","ObjectExplorer-0.8.3-arm64.AppImage",5
2026-10-05,"v0.8.3","ObjectExplorer-0.8.3-arm64.dmg",3
2026-10-05,"v0.8.3","ObjectExplorer-0.8.3-arm64.exe",2
2026-10-05,"v0.8.3","ObjectExplorer-0.8.3-arm64.msix",4
2026-10-05,"v0.8.3","ObjectExplorer-0.8.3-x64.AppImage",5
2026-10-05,"v0.8.3","ObjectExplorer-0.8.3-x64.dmg",1
2026-10-05,"v0.8.3","ObjectExplorer-0.8.3-x64.exe",2
2026-10-05,"v0.8.3","ObjectExplorer-0.8.3-x64.msix",1
2026-10-05,"v0.8.2","ObjectExplorer-0.8.2-arm64.AppImage",1
2026-10-05,"v0.8.2","ObjectExplorer-0.8.2-arm64.dmg",2
2026-10-05,"v0.8.2","ObjectExplorer-0.8.2-arm64.exe",0
2026-10-05,"v0.8.2","ObjectExplorer-0.8.2-arm64.msix",1
2026-10-05,"v0.8.2","ObjectExplorer-0.8.2-x64.AppImage",1
2026-10-05,"v0.8.2","ObjectExplorer-0.8.2-x64.dmg",1
2026-10-05,"v0.8.2","ObjectExplorer-0.8.2-x64.exe",0
2026-10-05,"v0.8.2","ObjectExplorer-0.8.2-x64.msix",0
2026-10-05,"v0.8.1","ObjectExplorer-0.8.1-arm64.AppImage",1
2026-10-05,"v0.8.1","ObjectExplorer-0.8.1-arm64.dmg",0
2026-10-05,"v0.8.1","ObjectExplorer-0.8.1-arm64.exe",0
2026-10-05,"v0.8.1","ObjectExplorer-0.8.1-arm64.msix",0
2026-10-05,"v0.8.1","ObjectExplorer-0.8.1-x64.AppImage",0
2026-10-05,"v0.8.1","ObjectExplorer-0.8.1-x64.dmg",0
2026-10-05,"v0.8.1","ObjectExplorer-0.8.1-x64.exe",0
2026-10-05,"v0.8.1","ObjectExplorer-0.8.1-x64.msix",0
2026-10-05,"v0.8.0","ObjectExplorer-0.8.0-arm64.AppImage",0
2026-10-05,"v0.8.0","ObjectExplorer-0.8.0-arm64.dmg",0
2026-10-05,"v0.8.0","ObjectExplorer-0.8.0-arm64.exe",0
2026-10-05,"v0.8.0","ObjectExplorer-0.8.0-arm64.msix",0
2026-10-05,"v0.8.0","ObjectExplorer-0.8.0-x64.AppImage",0
2026-10-05,"v0.8.0","ObjectExplorer-0.8.0-x64.dmg",1
2026-10-05,"v0.8.0","ObjectExplorer-0.8.0-x64.exe",1
2026-10-05,"v0.8.0","ObjectExplorer-0.8.0-x64.msix",0
2026-10-05,"v0.7.7","ObjectExplorer-0.7.7-arm64.AppImage",4
2026-10-05,"v0.7.7","ObjectExplorer-0.7.7-arm64.dmg",3
2026-10-05,"v0.7.7","ObjectExplorer-0.7.7-arm64.exe",5
2026-10-05,"v0.7.7","ObjectExplorer-0.7.7-arm64.msix",4
2026-10-05,"v0.7.7","ObjectExplorer-0.7.7-x64.AppImage",5
2026-10-05,"v0.7.7","ObjectExplorer-0.7.7-x64.dmg",3
2026-10-05,"v0.7.7","ObjectExplorer-0.7.7-x64.exe",4
2026-10-05,"v0.7.7","ObjectExplorer-0.7.7-x64.msix",3
2026-10-05,"v0.7.6","ObjectExplorer-0.7.6-arm64.AppImage",9
2026-10-05,"v0.7.6","ObjectExplorer-0.7.6-arm64.dmg",28
2026-10-05,"v0.7.6","ObjectExplorer-0.7.6-arm64.exe",21
2026-10-05,"v0.7.6","ObjectExplorer-0.7.6-arm64.msix",9
2026-10-05,"v0.7.6","ObjectExplorer-0.7.6-x64.AppImage",9
2026-10-05,"v0.7.6","ObjectExplorer-0.7.6-x64.dmg",22
2026-10-05,"v0.7.6","ObjectExplorer-0.7.6-x64.exe",21
2026-10-05,"v0.7.6","ObjectExplorer-0.7.6-x64.msix",9
2026-10-05,"v0.7.4","ObjectExplorer-0.7.4-arm64.AppImage",2
2026-10-05,"v0.7.4","ObjectExplorer-0.7.4-arm64.dmg",2
2026-10-05,"v0.7.4","ObjectExplorer-0.7.4-arm64.exe",2
2026-10-05,"v0.7.4","ObjectExplorer-0.7.4-arm64.msix",3
2026-10-05,"v0.7.4","ObjectExplorer-0.7.4-x64.AppImage",3
2026-10-05,"v0.7.4","ObjectExplorer-0.7.4-x64.dmg",2
2026-10-05,"v0.7.4","ObjectExplorer-0.7.4-x64.exe",2
2026-10-05,"v0.7.4","ObjectExplorer-0.7.4-x64.msix",3
2026-10-05,"v0.7.2","ObjectExplorer-0.7.2-arm64.AppImage",1
2026-10-05,"v0.7.2","ObjectExplorer-0.7.2-arm64.dmg",2
2026-10-05,"v0.7.2","ObjectExplorer-0.7.2-arm64.exe",1
2026-10-05,"v0.7.2","ObjectExplorer-0.7.2-arm64.msix",1
2026-10-05,"v0.7.2","ObjectExplorer-0.7.2-x64.AppImage",1
2026-10-05,"v0.7.2","ObjectExplorer-0.7.2-x64.dmg",1
2026-10-05,"v0.7.2","ObjectExplorer-0.7.2-x64.exe",1
2026-10-05,"v0.7.2","ObjectExplorer-0.7.2-x64.msix",2
2026-10-05,"v0.7.0","ObjectExplorer-0.7.0-arm64.AppImage",0
2026-10-05,"v0.7.0","ObjectExplorer-0.7.0-arm64.dmg",0
2026-10-05,"v0.7.0","ObjectExplorer-0.7.0-arm64.exe",0
2026-10-05,"v0.7.0","ObjectExplorer-0.7.0-arm64.msix",0
2026-10-05,"v0.7.0","ObjectExplorer-0.7.0-x64.AppImage",0
2026-10-05,"v0.7.0","ObjectExplorer-0.7.0-x64.dmg",0
2026-10-05,"v0.7.0","ObjectExplorer-0.7.0-x64.exe",0
2026-10-05,"v0.7.0","ObjectExplorer-0.7.0-x64.msix",0
2026-10-05,"latest","ObjectExplorer-linux-arm64.AppImage",0
2026-10-05,"latest","ObjectExplorer-linux-x64.AppImage",0
2026-10-05,"latest","ObjectExplorer-mac-arm64.dmg",0
2026-10-05,"latest","ObjectExplorer-mac-x64.dmg",0
2026-10-05,"latest","ObjectExplorer-windows-arm64.exe",0
2026-10-05,"latest","ObjectExplorer-windows-arm64.msix",1
2026-10-05,"latest","ObjectExplorer-windows-x64.exe",0
2026-10-05,"latest","ObjectExplorer-windows-x64.msix",0
2026-10-06,"v0.8.4","ObjectExplorer-0.8.4-arm64.AppImage",7
2026-10-06,"v0.8.4","ObjectExplorer-0.8.4-arm64.dmg",4
2026-10-06,"v0.8.4","ObjectExplorer-0.8.4-arm64.exe",6
2026-10-06,"v0.8.4","ObjectExplorer-0.8.4-arm64.msix",8
2026-10-06,"v0.8.4","ObjectExplorer-0.8.4-x64.AppImage",8
2026-10-06,"v0.8.4","ObjectExplorer-0.8.4-x64.dmg",4
2026-10-06,"v0.8.4","ObjectExplorer-0.8.4-x64.exe",4
2026-10-06,"v0.8.4","ObjectExplorer-0.8.4-x64.msix",6
2026-10-06,"v0.8.3","ObjectExplorer-0.8.3-arm64.AppImage",5
2026-10-06,"v0.8.3","ObjectExplorer-0.8.3-arm64.dmg",3
2026-10-06,"v0.8.3","ObjectExplorer-0.8.3-arm64.exe",2
2026-10-06,"v0.8.3","ObjectExplorer-0.8.3-arm64.msix",4
2026-10-06,"v0.8.3","ObjectExplorer-0.8.3-x64.AppImage",5
2026-10-06,"v0.8.3","ObjectExplorer-0.8.3-x64.dmg",1
2026-10-06,"v0.8.3","ObjectExplorer-0.8.3-x64.exe",2
2026-10-06,"v0.8.3","ObjectExplorer-0.8.3-x64.msix",1
2026-10-06,"v0.8.2","ObjectExplorer-0.8.2-arm64.AppImage",1
2026-10-06,"v0.8.2","ObjectExplorer-0.8.2-arm64.dmg",2
2026-10-06,"v0.8.2","ObjectExplorer-0.8.2-arm64.exe",0
2026-10-06,"v0.8.2","ObjectExplorer-0.8.2-arm64.msix",1
2026-10-06,"v0.8.2","ObjectExplorer-0.8.2-x64.AppImage",1
2026-10-06,"v0.8.2","ObjectExplorer-0.8.2-x64.dmg",1
2026-10-06,"v0.8.2","ObjectExplorer-0.8.2-x64.exe",0
2026-10-06,"v0.8.2","ObjectExplorer-0.8.2-x64.msix",0
2026-10-06,"v0.8.1","ObjectExplorer-0.8.1-arm64.AppImage",1
2026-10-06,"v0.8.1","ObjectExplorer-0.8.1-arm64.dmg",0
2026-10-06,"v0.8.1","ObjectExplorer-0.8.1-arm64.exe",0
2026-10-06,"v0.8.1","ObjectExplorer-0.8.1-arm64.msix",0
2026-10-06,"v0.8.1","ObjectExplorer-0.8.1-x64.AppImage",0
2026-10-06,"v0.8.1","ObjectExplorer-0.8.1-x64.dmg",0
2026-10-06,"v0.8.1","ObjectExplorer-0.8.1-x64.exe",0
2026-10-06,"v0.8.1","ObjectExplorer-0.8.1-x64.msix",0
2026-10-06,"v0.8.0","ObjectExplorer-0.8.0-arm64.AppImage",0
2026-10-06,"v0.8.0","ObjectExplorer-0.8.0-arm64.dmg",0
2026-10-06,"v0.8.0","ObjectExplorer-0.8.0-arm64.exe",0
2026-10-06,"v0.8.0","ObjectExplorer-0.8.0-arm64.msix",0
2026-10-06,"v0.8.0","ObjectExplorer-0.8.0-x64.AppImage",0
2026-10-06,"v0.8.0","ObjectExplorer-0.8.0-x64.dmg",1
2026-10-06,"v0.8.0","ObjectExplorer-0.8.0-x64.exe",1
2026-10-06,"v0.8.0","ObjectExplorer-0.8.0-x64.msix",0
2026-10-06,"v0.7.7","ObjectExplorer-0.7.7-arm64.AppImage",4
2026-10-06,"v0.7.7","ObjectExplorer-0.7.7-arm64.dmg",3
2026-10-06,"v0.7.7","ObjectExplorer-0.7.7-arm64.exe",5
2026-10-06,"v0.7.7","ObjectExplorer-0.7.7-arm64.msix",4
2026-10-06,"v0.7.7","ObjectExplorer-0.7.7-x64.AppImage",5
2026-10-06,"v0.7.7","ObjectExplorer-0.7.7-x64.dmg",3
2026-10-06,"v0.7.7","ObjectExplorer-0.7.7-x64.exe",4
2026-10-06,"v0.7.7","ObjectExplorer-0.7.7-x64.msix",3
2026-10-06,"v0.7.6","ObjectExplorer-0.7.6-arm64.AppImage",9
2026-10-06,"v0.7.6","ObjectExplorer-0.7.6-arm64.dmg",28
2026-10-06,"v0.7.6","ObjectExplorer-0.7.6-arm64.exe",21
2026-10-06,"v0.7.6","ObjectExplorer-0.7.6-arm64.msix",9
2026-10-06,"v0.7.6","ObjectExplorer-0.7.6-x64.AppImage",9
2026-10-06,"v0.7.6","ObjectExplorer-0.7.6-x64.dmg",22
2026-10-06,"v0.7.6","ObjectExplorer-0.7.6-x64.exe",21
2026-10-06,"v0.7.6","ObjectExplorer-0.7.6-x64.msix",9
2026-10-06,"v0.7.4","ObjectExplorer-0.7.4-arm64.AppImage",2
2026-10-06,"v0.7.4","ObjectExplorer-0.7.4-arm64.dmg",2
2026-10-06,"v0.7.4","ObjectExplorer-0.7.4-arm64.exe",2
2026-10-06,"v0.7.4","ObjectExplorer-0.7.4-arm64.msix",3
2026-10-06,"v0.7.4","ObjectExplorer-0.7.4-x64.AppImage",3
2026-10-06,"v0.7.4","ObjectExplorer-0.7.4-x64.dmg",2
2026-10-06,"v0.7.4","ObjectExplorer-0.7.4-x64.exe",2
2026-10-06,"v0.7.4","ObjectExplorer-0.7.4-x64.msix",3
2026-10-06,"v0.7.2","ObjectExplorer-0.7.2-arm64.AppImage",1
2026-10-06,"v0.7.2","ObjectExplorer-0.7.2-arm64.dmg",2
2026-10-06,"v0.7.2","ObjectExplorer-0.7.2-arm64.exe",1
2026-10-06,"v0.7.2","ObjectExplorer-0.7.2-arm64.msix",1
2026-10-06,"v0.7.2","ObjectExplorer-0.7.2-x64.AppImage",1
2026-10-06,"v0.7.2","ObjectExplorer-0.7.2-x64.dmg",1
2026-10-06,"v0.7.2","ObjectExplorer-0.7.2-x64.exe",1
2026-10-06,"v0.7.2","ObjectExplorer-0.7.2-x64.msix",2
2026-10-06,"v0.7.0","ObjectExplorer-0.7.0-arm64.AppImage",0
2026-10-06,"v0.7.0","ObjectExplorer-0.7.0-arm64.dmg",0
2026-10-06,"v0.7.0","ObjectExplorer-0.7.0-arm64.exe",0
2026-10-06,"v0.7.0","ObjectExplorer-0.7.0-arm64.msix",0
2026-10-06,"v0.7.0","ObjectExplorer-0.7.0-x64.AppImage",0
2026-10-06,"v0.7.0","ObjectExplorer-0.7.0-x64.dmg",0
2026-10-06,"v0.7.0","ObjectExplorer-0.7.0-x64.exe",0
2026-10-06,"v0.7.0","ObjectExplorer-0.7.0-x64.msix",0
2026-10-06,"latest","ObjectExplorer-linux-arm64.AppImage",0
2026-10-06,"latest","ObjectExplorer-linux-x64.AppImage",0
2026-10-06,"latest","ObjectExplorer-mac-arm64.dmg",0
2026-10-06,"latest","ObjectExplorer-mac-x64.dmg",0
2026-10-06,"latest","ObjectExplorer-windows-arm64.exe",0
2026-10-06,"latest","ObjectExplorer-windows-arm64.msix",1
2026-10-06,"latest","ObjectExplorer-windows-x64.exe",0
2026-10-06,"latest","ObjectExplorer-windows-x64.msix",0
2026-10-07,"v0.8.4","ObjectExplorer-0.8.4-arm64.AppImage",10
2026-10-07,"v0.8.4","ObjectExplorer-0.8.4-arm64.dmg",6
2026-10-07,"v0.8.4","ObjectExplorer-0.8.4-arm64.exe",7
2026-10-07,"v0.8.4","ObjectExplorer-0.8.4-arm64.msix",10
2026-10-07,"v0.8.4","ObjectExplorer-0.8.4-x64.AppImage",10
2026-10-07,"v0.8.4","ObjectExplorer-0.8.4-x64.dmg",5
2026-10-07,"v0.8.4","ObjectExplorer-0.8.4-x64.exe",6
2026-10-07,"v0.8.4","ObjectExplorer-0.8.4-x64.msix",9
2026-10-07,"v0.8.3","ObjectExplorer-0.8.3-arm64.AppImage",5
2026-10-07,"v0.8.3","ObjectExplorer-0.8.3-arm64.dmg",3
2026-10-07,"v0.8.3","ObjectExplorer-0.8.3-arm64.exe",2
2026-10-07,"v0.8.3","ObjectExplorer-0.8.3-arm64.msix",4
2026-10-07,"v0.8.3","ObjectExplorer-0.8.3-x64.AppImage",5
2026-10-07,"v0.8.3","ObjectExplorer-0.8.3-x64.dmg",1
2026-10-07,"v0.8.3","ObjectExplorer-0.8.3-x64.exe",2
2026-10-07,"v0.8.3","ObjectExplorer-0.8.3-x64.msix",1
2026-10-07,"v0.8.2","ObjectExplorer-0.8.2-arm64.AppImage",1
2026-10-07,"v0.8.2","ObjectExplorer-0.8.2-arm64.dmg",2
2026-10-07,"v0.8.2","ObjectExplorer-0.8.2-arm64.exe",0
2026-10-07,"v0.8.2","ObjectExplorer-0.8.2-arm64.msix",1
2026-10-07,"v0.8.2","ObjectExplorer-0.8.2-x64.AppImage",1
2026-10-07,"v0.8.2","ObjectExplorer-0.8.2-x64.dmg",1
2026-10-07,"v0.8.2","ObjectExplorer-0.8.2-x64.exe",0
2026-10-07,"v0.8.2","ObjectExplorer-0.8.2-x64.msix",0
2026-10-07,"v0.8.1","ObjectExplorer-0.8.1-arm64.AppImage",1
2026-10-07,"v0.8.1","ObjectExplorer-0.8.1-arm64.dmg",0
2026-10-07,"v0.8.1","ObjectExplorer-0.8.1-arm64.exe",0
2026-10-07,"v0.8.1","ObjectExplorer-0.8.1-arm64.msix",0
2026-10-07,"v0.8.1","ObjectExplorer-0.8.1-x64.AppImage",0
2026-10-07,"v0.8.1","ObjectExplorer-0.8.1-x64.dmg",0
2026-10-07,"v0.8.1","ObjectExplorer-0.8.1-x64.exe",0
2026-10-07,"v0.8.1","ObjectExplorer-0.8.1-x64.msix",0
2026-10-07,"v0.8.0","ObjectExplorer-0.8.0-arm64.AppImage",0
2026-10-07,"v0.8.0","ObjectExplorer-0.8.0-arm64.dmg",0
2026-10-07,"v0.8.0","ObjectExplorer-0.8.0-arm64.exe",0
2026-10-07,"v0.8.0","ObjectExplorer-0.8.0-arm64.msix",0
2026-10-07,"v0.8.0","ObjectExplorer-0.8.0-x64.AppImage",0
2026-10-07,"v0.8.0","ObjectExplorer-0.8.0-x64.dmg",1
2026-10-07,"v0.8.0","ObjectExplorer-0.8.0-x64.exe",1
2026-10-07,"v0.8.0","ObjectExplorer-0.8.0-x64.msix",0
2026-10-07,"v0.7.7","ObjectExplorer-0.7.7-arm64.AppImage",4
2026-10-07,"v0.7.7","ObjectExplorer-0.7.7-arm64.dmg",3
2026-10-07,"v0.7.7","ObjectExplorer-0.7.7-arm64.exe",5
2026-10-07,"v0.7.7","ObjectExplorer-0.7.7-arm64.msix",4
2026-10-07,"v0.7.7","ObjectExplorer-0.7.7-x64.AppImage",5
2026-10-07,"v0.7.7","ObjectExplorer-0.7.7-x64.dmg",3
2026-10-07,"v0.7.7","ObjectExplorer-0.7.7-x64.exe",4
2026-10-07,"v0.7.7","ObjectExplorer-0.7.7-x64.msix",3
2026-10-07,"v0.7.6","ObjectExplorer-0.7.6-arm64.AppImage",9
2026-10-07,"v0.7.6","ObjectExplorer-0.7.6-arm64.dmg",28
2026-10-07,"v0.7.6","ObjectExplorer-0.7.6-arm64.exe",21
2026-10-07,"v0.7.6","ObjectExplorer-0.7.6-arm64.msix",9
2026-10-07,"v0.7.6","ObjectExplorer-0.7.6-x64.AppImage",9
2026-10-07,"v0.7.6","ObjectExplorer-0.7.6-x64.dmg",22
2026-10-07,"v0.7.6","ObjectExplorer-0.7.6-x64.exe",21
2026-10-07,"v0.7.6","ObjectExplorer-0.7.6-x64.msix",9
2026-10-07,"v0.7.4","ObjectExplorer-0.7.4-arm64.AppImage",2
2026-10-07,"v0.7.4","ObjectExplorer-0.7.4-arm64.dmg",2
2026-10-07,"v0.7.4","ObjectExplorer-0.7.4-arm64.exe",2
2026-10-07,"v0.7.4","ObjectExplorer-0.7.4-arm64.msix",3
2026-10-07,"v0.7.4","ObjectExplorer-0.7.4-x64.AppImage",3
2026-10-07,"v0.7.4","ObjectExplorer-0.7.4-x64.dmg",2
2026-10-07,"v0.7.4","ObjectExplorer-0.7.4-x64.exe",2
2026-10-07,"v0.7.4","ObjectExplorer-0.7.4-x64.msix",3
2026-10-07,"v0.7.2","ObjectExplorer-0.7.2-arm64.AppImage",1
2026-10-07,"v0.7.2","ObjectExplorer-0.7.2-arm64.dmg",2
2026-10-07,"v0.7.2","ObjectExplorer-0.7.2-arm64.exe",1
2026-10-07,"v0.7.2","ObjectExplorer-0.7.2-arm64.msix",1
2026-10-07,"v0.7.2","ObjectExplorer-0.7.2-x64.AppImage",1
2026-10-07,"v0.7.2","ObjectExplorer-0.7.2-x64.dmg",1
2026-10-07,"v0.7.2","ObjectExplorer-0.7.2-x64.exe",1
2026-10-07,"v0.7.2","ObjectExplorer-0.7.2-x64.msix",2
2026-10-07,"v0.7.0","ObjectExplorer-0.7.0-arm64.AppImage",0
2026-10-07,"v0.7.0","ObjectExplorer-0.7.0-arm64.dmg",0
2026-10-07,"v0.7.0","ObjectExplorer-0.7.0-arm64.exe",0
2026-10-07,"v0.7.0","ObjectExplorer-0.7.0-arm64.msix",0
2026-10-07,"v0.7.0","ObjectExplorer-0.7.0-x64.AppImage",0
2026-10-07,"v0.7.0","ObjectExplorer-0.7.0-x64.dmg",0
2026-10-07,"v0.7.0","ObjectExplorer-0.7.0-x64.exe",0
2026-10-07,"v0.7.0","ObjectExplorer-0.7.0-x64.msix",0
2026-10-07,"latest","ObjectExplorer-linux-arm64.AppImage",0
2026-10-07,"latest","ObjectExplorer-linux-x64.AppImage",0
2026-10-07,"latest","ObjectExplorer-mac-arm64.dmg",0
2026-10-07,"latest","ObjectExplorer-mac-x64.dmg",0
2026-10-07,"latest","ObjectExplorer-windows-arm64.exe",0
2026-10-07,"latest","ObjectExplorer-windows-arm64.msix",1
2026-10-07,"latest","ObjectExplorer-windows-x64.exe",0
2026-10-07,"latest","ObjectExplorer-windows-x64.msix",0
2026-10-08,"v0.8.4","ObjectExplorer-0.8.4-arm64.AppImage",12
2026-10-08,"v0.8.4","ObjectExplorer-0.8.4-arm64.dmg",8
2026-10-08,"v0.8.4","ObjectExplorer-0.8.4-arm64.exe",8
2026-10-08,"v0.8.4","ObjectExplorer-0.8.4-arm64.msix",12
2026-10-08,"v0.8.4","ObjectExplorer-0.8.4-x64.AppImage",12
2026-10-08,"v0.8.4","ObjectExplorer-0.8.4-x64.dmg",7
2026-10-08,"v0.8.4","ObjectExplorer-0.8.4-x64.exe",8
2026-10-08,"v0.8.4","ObjectExplorer-0.8.4-x64.msix",9
2026-10-08,"v0.8.3","ObjectExplorer-0.8.3-arm64.AppImage",5
2026-10-08,"v0.8.3","ObjectExplorer-0.8.3-arm64.dmg",3
2026-10-08,"v0.8.3","ObjectExplorer-0.8.3-arm64.exe",2
2026-10-08,"v0.8.3","ObjectExplorer-0.8.3-arm64.msix",4
2026-10-08,"v0.8.3","ObjectExplorer-0.8.3-x64.AppImage",5
2026-10-08,"v0.8.3","ObjectExplorer-0.8.3-x64.dmg",1
2026-10-08,"v0.8.3","ObjectExplorer-0.8.3-x64.exe",2
2026-10-08,"v0.8.3","ObjectExplorer-0.8.3-x64.msix",1
2026-10-08,"v0.8.2","ObjectExplorer-0.8.2-arm64.AppImage",1
2026-10-08,"v0.8.2","ObjectExplorer-0.8.2-arm64.dmg",2
2026-10-08,"v0.8.2","ObjectExplorer-0.8.2-arm64.exe",0
2026-10-08,"v0.8.2","ObjectExplorer-0.8.2-arm64.msix",1
2026-10-08,"v0.8.2","ObjectExplorer-0.8.2-x64.AppImage",1
2026-10-08,"v0.8.2","ObjectExplorer-0.8.2-x64.dmg",1
2026-10-08,"v0.8.2","ObjectExplorer-0.8.2-x64.exe",0
2026-10-08,"v0.8.2","ObjectExplorer-0.8.2-x64.msix",0
2026-10-08,"v0.8.1","ObjectExplorer-0.8.1-arm64.AppImage",1
2026-10-08,"v0.8.1","ObjectExplorer-0.8.1-arm64.dmg",0
2026-10-08,"v0.8.1","ObjectExplorer-0.8.1-arm64.exe",0
2026-10-08,"v0.8.1","ObjectExplorer-0.8.1-arm64.msix",0
2026-10-08,"v0.8.1","ObjectExplorer-0.8.1-x64.AppImage",0
2026-10-08,"v0.8.1","ObjectExplorer-0.8.1-x64.dmg",0
2026-10-08,"v0.8.1","ObjectExplorer-0.8.1-x64.exe",0
2026-10-08,"v0.8.1","ObjectExplorer-0.8.1-x64.msix",0
2026-10-08,"v0.8.0","ObjectExplorer-0.8.0-arm64.AppImage",0
2026-10-08,"v0.8.0","ObjectExplorer-0.8.0-arm64.dmg",0
2026-10-08,"v0.8.0","ObjectExplorer-0.8.0-arm64.exe",0
2026-10-08,"v0.8.0","ObjectExplorer-0.8.0-arm64.msix",0
2026-10-08,"v0.8.0","ObjectExplorer-0.8.0-x64.AppImage",0
2026-10-08,"v0.8.0","ObjectExplorer-0.8.0-x64.dmg",1
2026-10-08,"v0.8.0","ObjectExplorer-0.8.0-x64.exe",1
2026-10-08,"v0.8.0","ObjectExplorer-0.8.0-x64.msix",0
2026-10-08,"v0.7.7","ObjectExplorer-0.7.7-arm64.AppImage",4
2026-10-08,"v0.7.7","ObjectExplorer-0.7.7-arm64.dmg",3
2026-10-08,"v0.7.7","ObjectExplorer-0.7.7-arm64.exe",5
2026-10-08,"v0.7.7","ObjectExplorer-0.7.7-arm64.msix",4
2026-10-08,"v0.7.7","ObjectExplorer-0.7.7-x64.AppImage",5
2026-10-08,"v0.7.7","ObjectExplorer-0.7.7-x64.dmg",3
2026-10-08,"v0.7.7","ObjectExplorer-0.7.7-x64.exe",4
2026-10-08,"v0.7.7","ObjectExplorer-0.7.7-x64.msix",3
2026-10-08,"v0.7.6","ObjectExplorer-0.7.6-arm64.AppImage",9
2026-10-08,"v0.7.6","ObjectExplorer-0.7.6-arm64.dmg",28
2026-10-08,"v0.7.6","ObjectExplorer-0.7.6-arm64.exe",21
2026-10-08,"v0.7.6","ObjectExplorer-0.7.6-arm64.msix",9
2026-10-08,"v0.7.6","ObjectExplorer-0.7.6-x64.AppImage",9
2026-10-08,"v0.7.6","ObjectExplorer-0.7.6-x64.dmg",22
2026-10-08,"v0.7.6","ObjectExplorer-0.7.6-x64.exe",21
2026-10-08,"v0.7.6","ObjectExplorer-0.7.6-x64.msix",9
2026-10-08,"v0.7.4","ObjectExplorer-0.7.4-arm64.AppImage",2
2026-10-08,"v0.7.4","ObjectExplorer-0.7.4-arm64.dmg",2
2026-10-08,"v0.7.4","ObjectExplorer-0.7.4-arm64.exe",2
2026-10-08,"v0.7.4","ObjectExplorer-0.7.4-arm64.msix",3
2026-10-08,"v0.7.4","ObjectExplorer-0.7.4-x64.AppImage",3
2026-10-08,"v0.7.4","ObjectExplorer-0.7.4-x64.dmg",2
2026-10-08,"v0.7.4","ObjectExplorer-0.7.4-x64.exe",2
2026-10-08,"v0.7.4","ObjectExplorer-0.7.4-x64.msix",3
2026-10-08,"v0.7.2","ObjectExplorer-0.7.2-arm64.AppImage",1
2026-10-08,"v0.7.2","ObjectExplorer-0.7.2-arm64.dmg",2
2026-10-08,"v0.7.2","ObjectExplorer-0.7.2-arm64.exe",1
2026-10-08,"v0.7.2","ObjectExplorer-0.7.2-arm64.msix",1
2026-10-08,"v0.7.2","ObjectExplorer-0.7.2-x64.AppImage",1
2026-10-08,"v0.7.2","ObjectExplorer-0.7.2-x64.dmg",1
2026-10-08,"v0.7.2","ObjectExplorer-0.7.2-x64.exe",1
2026-10-08,"v0.7.2","ObjectExplorer-0.7.2-x64.msix",2
2026-10-08,"v0.7.0","ObjectExplorer-0.7.0-arm64.AppImage",0
2026-10-08,"v0.7.0","ObjectExplorer-0.7.0-arm64.dmg",0
2026-10-08,"v0.7.0","ObjectExplorer-0.7.0-arm64.exe",0
2026-10-08,"v0.7.0","ObjectExplorer-0.7.0-arm64.msix",0
2026-10-08,"v0.7.0","ObjectExplorer-0.7.0-x64.AppImage",0
2026-10-08,"v0.7.0","ObjectExplorer-0.7.0-x64.dmg",0
2026-10-08,"v0.7.0","ObjectExplorer-0.7.0-x64.exe",0
2026-10-08,"v0.7.0","ObjectExplorer-0.7.0-x64.msix",0
2026-10-08,"latest","ObjectExplorer-linux-arm64.AppImage",0
2026-10-08,"latest","ObjectExplorer-linux-x64.AppImage",0
2026-10-08,"latest","ObjectExplorer-mac-arm64.dmg",0
2026-10-08,"latest","ObjectExplorer-mac-x64.dmg",0
2026-10-08,"latest","ObjectExplorer-windows-arm64.exe",0
2026-10-08,"latest","ObjectExplorer-windows-arm64.msix",1
2026-10-08,"latest","ObjectExplorer-windows-x64.exe",0
2026-10-08,"latest","ObjectExplorer-windows-x64.msix",0
2026-10-09,"v0.8.4","ObjectExplorer-0.8.4-arm64.AppImage",15
2026-10-09,"v0.8.4","ObjectExplorer-0.8.4-arm64.dmg",9
2026-10-09,"v0.8.4","ObjectExplorer-0.8.4-arm64.exe",8
2026-10-09,"v0.8.4","ObjectExplorer-0.8.4-arm64.msix",15
2026-10-09,"v0.8.4","ObjectExplorer-0.8.4-x64.AppImage",15
2026-10-09,"v0.8.4","ObjectExplorer-0.8.4-x64.dmg",8
2026-10-09,"v0.8.4","ObjectExplorer-0.8.4-x64.exe",8
2026-10-09,"v0.8.4","ObjectExplorer-0.8.4-x64.msix",9
2026-10-09,"v0.8.3","ObjectExplorer-0.8.3-arm64.AppImage",5
2026-10-09,"v0.8.3","ObjectExplorer-0.8.3-arm64.dmg",3
2026-10-09,"v0.8.3","ObjectExplorer-0.8.3-arm64.exe",2
2026-10-09,"v0.8.3","ObjectExplorer-0.8.3-arm64.msix",4
2026-10-09,"v0.8.3","ObjectExplorer-0.8.3-x64.AppImage",5
2026-10-09,"v0.8.3","ObjectExplorer-0.8.3-x64.dmg",1
2026-10-09,"v0.8.3","ObjectExplorer-0.8.3-x64.exe",2
2026-10-09,"v0.8.3","ObjectExplorer-0.8.3-x64.msix",1
2026-10-09,"v0.8.2","ObjectExplorer-0.8.2-arm64.AppImage",1
2026-10-09,"v0.8.2","ObjectExplorer-0.8.2-arm64.dmg",2
2026-10-09,"v0.8.2","ObjectExplorer-0.8.2-arm64.exe",0
2026-10-09,"v0.8.2","ObjectExplorer-0.8.2-arm64.msix",1
2026-10-09,"v0.8.2","ObjectExplorer-0.8.2-x64.AppImage",1
2026-10-09,"v0.8.2","ObjectExplorer-0.8.2-x64.dmg",1
2026-10-09,"v0.8.2","ObjectExplorer-0.8.2-x64.exe",0
2026-10-09,"v0.8.2","ObjectExplorer-0.8.2-x64.msix",0
2026-10-09,"v0.8.1","ObjectExplorer-0.8.1-arm64.AppImage",1
2026-10-09,"v0.8.1","ObjectExplorer-0.8.1-arm64.dmg",0
2026-10-09,"v0.8.1","ObjectExplorer-0.8.1-arm64.exe",0
2026-10-09,"v0.8.1","ObjectExplorer-0.8.1-arm64.msix",0
2026-10-09,"v0.8.1","ObjectExplorer-0.8.1-x64.AppImage",0
2026-10-09,"v0.8.1","ObjectExplorer-0.8.1-x64.dmg",0
2026-10-09,"v0.8.1","ObjectExplorer-0.8.1-x64.exe",0
2026-10-09,"v0.8.1","ObjectExplorer-0.8.1-x64.msix",0
2026-10-09,"v0.8.0","ObjectExplorer-0.8.0-arm64.AppImage",0
2026-10-09,"v0.8.0","ObjectExplorer-0.8.0-arm64.dmg",0
2026-10-09,"v0.8.0","ObjectExplorer-0.8.0-arm64.exe",0
2026-10-09,"v0.8.0","ObjectExplorer-0.8.0-arm64.msix",0
2026-10-09,"v0.8.0","ObjectExplorer-0.8.0-x64.AppImage",0
2026-10-09,"v0.8.0","ObjectExplorer-0.8.0-x64.dmg",1
2026-10-09,"v0.8.0","ObjectExplorer-0.8.0-x64.exe",1
2026-10-09,"v0.8.0","ObjectExplorer-0.8.0-x64.msix",0
2026-10-09,"v0.7.7","ObjectExplorer-0.7.7-arm64.AppImage",4
2026-10-09,"v0.7.7","ObjectExplorer-0.7.7-arm64.dmg",3
2026-10-09,"v0.7.7","ObjectExplorer-0.7.7-arm64.exe",5
2026-10-09,"v0.7.7","ObjectExplorer-0.7.7-arm64.msix",4
2026-10-09,"v0.7.7","ObjectExplorer-0.7.7-x64.AppImage",5
2026-10-09,"v0.7.7","ObjectExplorer-0.7.7-x64.dmg",3
2026-10-09,"v0.7.7","ObjectExplorer-0.7.7-x64.exe",4
2026-10-09,"v0.7.7","ObjectExplorer-0.7.7-x64.msix",3
2026-10-09,"v0.7.6","ObjectExplorer-0.7.6-arm64.AppImage",9
2026-10-09,"v0.7.6","ObjectExplorer-0.7.6-arm64.dmg",28
2026-10-09,"v0.7.6","ObjectExplorer-0.7.6-arm64.exe",21
2026-10-09,"v0.7.6","ObjectExplorer-0.7.6-arm64.msix",9
2026-10-09,"v0.7.6","ObjectExplorer-0.7.6-x64.AppImage",9
2026-10-09,"v0.7.6","ObjectExplorer-0.7.6-x64.dmg",22
2026-10-09,"v0.7.6","ObjectExplorer-0.7.6-x64.exe",21
2026-10-09,"v0.7.6","ObjectExplorer-0.7.6-x64.msix",9
2026-10-09,"v0.7.4","ObjectExplorer-0.7.4-arm64.AppImage",2
2026-10-09,"v0.7.4","ObjectExplorer-0.7.4-arm64.dmg",2
2026-10-09,"v0.7.4","ObjectExplorer-0.7.4-arm64.exe",2
2026-10-09,"v0.7.4","ObjectExplorer-0.7.4-arm64.msix",3
2026-10-09,"v0.7.4","ObjectExplorer-0.7.4-x64.AppImage",3
2026-10-09,"v0.7.4","ObjectExplorer-0.7.4-x64.dmg",2
2026-10-09,"v0.7.4","ObjectExplorer-0.7.4-x64.exe",2
2026-10-09,"v0.7.4","ObjectExplorer-0.7.4-x64.msix",3
2026-10-09,"v0.7.2","ObjectExplorer-0.7.2-arm64.AppImage",1
2026-10-09,"v0.7.2","ObjectExplorer-0.7.2-arm64.dmg",2
2026-10-09,"v0.7.2","ObjectExplorer-0.7.2-arm64.exe",2
2026-10-09,"v0.7.2","ObjectExplorer-0.7.2-arm64.msix",2
2026-10-09,"v0.7.2","ObjectExplorer-0.7.2-x64.AppImage",1
2026-10-09,"v0.7.2","ObjectExplorer-0.7.2-x64.dmg",1
2026-10-09,"v0.7.2","ObjectExplorer-0.7.2-x64.exe",1
2026-10-09,"v0.7.2","ObjectExplorer-0.7.2-x64.msix",2
2026-10-09,"v0.7.0","ObjectExplorer-0.7.0-arm64.AppImage",0
2026-10-09,"v0.7.0","ObjectExplorer-0.7.0-arm64.dmg",0
2026-10-09,"v0.7.0","ObjectExplorer-0.7.0-arm64.exe",0
2026-10-09,"v0.7.0","ObjectExplorer-0.7.0-arm64.msix",0
2026-10-09,"v0.7.0","ObjectExplorer-0.7.0-x64.AppImage",0
2026-10-09,"v0.7.0","ObjectExplorer-0.7.0-x64.dmg",0
2026-10-09,"v0.7.0","ObjectExplorer-0.7.0-x64.exe",0
2026-10-09,"v0.7.0","ObjectExplorer-0.7.0-x64.msix",0
2026-10-09,"latest","ObjectExplorer-linux-arm64.AppImage",0
2026-10-09,"latest","ObjectExplorer-linux-x64.AppImage",0
2026-10-09,"latest","ObjectExplorer-mac-arm64.dmg",0
2026-10-09,"latest","ObjectExplorer-mac-x64.dmg",0
2026-10-09,"latest","ObjectExplorer-windows-arm64.exe",0
2026-10-09,"latest","ObjectExplorer-windows-arm64.msix",1
2026-10-09,"latest","ObjectExplorer-windows-x64.exe",0
2026-10-09,"latest","ObjectExplorer-windows-x64.msix",0
2026-10-10,"v0.8.4","ObjectExplorer-0.8.4-arm64.AppImage",18
2026-10-10,"v0.8.4","ObjectExplorer-0.8.4-arm64.dmg",9
2026-10-10,"v0.8.4","ObjectExplorer-0.8.4-arm64.exe",8
2026-10-10,"v0.8.4","ObjectExplorer-0.8.4-arm64.msix",17
2026-10-10,"v0.8.4","ObjectExplorer-0.8.4-x64.AppImage",18
2026-10-10,"v0.8.4","ObjectExplorer-0.8.4-x64.dmg",8
2026-10-10,"v0.8.4","ObjectExplorer-0.8.4-x64.exe",8
2026-10-10,"v0.8.4","ObjectExplorer-0.8.4-x64.msix",10
2026-10-10,"v0.8.3","ObjectExplorer-0.8.3-arm64.AppImage",5
2026-10-10,"v0.8.3","ObjectExplorer-0.8.3-arm64.dmg",3
2026-10-10,"v0.8.3","ObjectExplorer-0.8.3-arm64.exe",2
2026-10-10,"v0.8.3","ObjectExplorer-0.8.3-arm64.msix",4
2026-10-10,"v0.8.3","ObjectExplorer-0.8.3-x64.AppImage",5
2026-10-10,"v0.8.3","ObjectExplorer-0.8.3-x64.dmg",1
2026-10-10,"v0.8.3","ObjectExplorer-0.8.3-x64.exe",2
2026-10-10,"v0.8.3","ObjectExplorer-0.8.3-x64.msix",1
2026-10-10,"v0.8.2","ObjectExplorer-0.8.2-arm64.AppImage",1
2026-10-10,"v0.8.2","ObjectExplorer-0.8.2-arm64.dmg",2
2026-10-10,"v0.8.2","ObjectExplorer-0.8.2-arm64.exe",0
2026-10-10,"v0.8.2","ObjectExplorer-0.8.2-arm64.msix",1
2026-10-10,"v0.8.2","ObjectExplorer-0.8.2-x64.AppImage",1
2026-10-10,"v0.8.2","ObjectExplorer-0.8.2-x64.dmg",1
2026-10-10,"v0.8.2","ObjectExplorer-0.8.2-x64.exe",0
2026-10-10,"v0.8.2","ObjectExplorer-0.8.2-x64.msix",0
2026-10-10,"v0.8.1","ObjectExplorer-0.8.1-arm64.AppImage",1
2026-10-10,"v0.8.1","ObjectExplorer-0.8.1-arm64.dmg",0
2026-10-10,"v0.8.1","ObjectExplorer-0.8.1-arm64.exe",0
2026-10-10,"v0.8.1","ObjectExplorer-0.8.1-arm64.msix",0
2026-10-10,"v0.8.1","ObjectExplorer-0.8.1-x64.AppImage",0
2026-10-10,"v0.8.1","ObjectExplorer-0.8.1-x64.dmg",0
2026-10-10,"v0.8.1","ObjectExplorer-0.8.1-x64.exe",0
2026-10-10,"v0.8.1","ObjectExplorer-0.8.1-x64.msix",0
2026-10-10,"v0.8.0","ObjectExplorer-0.8.0-arm64.AppImage",0
2026-10-10,"v0.8.0","ObjectExplorer-0.8.0-arm64.dmg",0
2026-10-10,"v0.8.0","ObjectExplorer-0.8.0-arm64.exe",0
2026-10-10,"v0.8.0","ObjectExplorer-0.8.0-arm64.msix",0
2026-10-10,"v0.8.0","ObjectExplorer-0.8.0-x64.AppImage",0
2026-10-10,"v0.8.0","ObjectExplorer-0.8.0-x64.dmg",1
2026-10-10,"v0.8.0","ObjectExplorer-0.8.0-x64.exe",1
2026-10-10,"v0.8.0","ObjectExplorer-0.8.0-x64.msix",0
2026-10-10,"v0.7.7","ObjectExplorer-0.7.7-arm64.AppImage",4
2026-10-10,"v0.7.7","ObjectExplorer-0.7.7-arm64.dmg",3
2026-10-10,"v0.7.7","ObjectExplorer-0.7.7-arm64.exe",5
2026-10-10,"v0.7.7","ObjectExplorer-0.7.7-arm64.msix",4
2026-10-10,"v0.7.7","ObjectExplorer-0.7.7-x64.AppImage",5
2026-10-10,"v0.7.7","ObjectExplorer-0.7.7-x64.dmg",3
2026-10-10,"v0.7.7","ObjectExplorer-0.7.7-x64.exe",4
2026-10-10,"v0.7.7","ObjectExplorer-0.7.7-x64.msix",3
2026-10-10,"v0.7.6","ObjectExplorer-0.7.6-arm64.AppImage",9
2026-10-10,"v0.7.6","ObjectExplorer-0.7.6-arm64.dmg",28
2026-10-10,"v0.7.6","ObjectExplorer-0.7.6-arm64.exe",21
2026-10-10,"v0.7.6","ObjectExplorer-0.7.6-arm64.msix",9
2026-10-10,"v0.7.6","ObjectExplorer-0.7.6-x64.AppImage",9
2026-10-10,"v0.7.6","ObjectExplorer-0.7.6-x64.dmg",22
2026-10-10,"v0.7.6","ObjectExplorer-0.7.6-x64.exe",21
2026-10-10,"v0.7.6","ObjectExplorer-0.7.6-x64.msix",9
2026-10-10,"v0.7.4","ObjectExplorer-0.7.4-arm64.AppImage",2
2026-10-10,"v0.7.4","ObjectExplorer-0.7.4-arm64.dmg",2
2026-10-10,"v0.7.4","ObjectExplorer-0.7.4-arm64.exe",2
2026-10-10,"v0.7.4","ObjectExplorer-0.7.4-arm64.msix",3
2026-10-10,"v0.7.4","ObjectExplorer-0.7.4-x64.AppImage",3
2026-10-10,"v0.7.4","ObjectExplorer-0.7.4-x64.dmg",2
2026-10-10,"v0.7.4","ObjectExplorer-0.7.4-x64.exe",2
2026-10-10,"v0.7.4","ObjectExplorer-0.7.4-x64.msix",3
2026-10-10,"v0.7.2","ObjectExplorer-0.7.2-arm64.AppImage",1
2026-10-10,"v0.7.2","ObjectExplorer-0.7.2-arm64.dmg",2
2026-10-10,"v0.7.2","ObjectExplorer-0.7.2-arm64.exe",2
2026-10-10,"v0.7.2","ObjectExplorer-0.7.2-arm64.msix",2
2026-10-10,"v0.7.2","ObjectExplorer-0.7.2-x64.AppImage",1
2026-10-10,"v0.7.2","ObjectExplorer-0.7.2-x64.dmg",2
2026-10-10,"v0.7.2","ObjectExplorer-0.7.2-x64.exe",1
2026-10-10,"v0.7.2","ObjectExplorer-0.7.2-x64.msix",3
2026-10-10,"v0.7.0","ObjectExplorer-0.7.0-arm64.AppImage",0
2026-10-10,"v0.7.0","ObjectExplorer-0.7.0-arm64.dmg",0
2026-10-10,"v0.7.0","ObjectExplorer-0.7.0-arm64.exe",0
2026-10-10,"v0.7.0","ObjectExplorer-0.7.0-arm64.msix",0
2026-10-10,"v0.7.0","ObjectExplorer-0.7.0-x64.AppImage",0
2026-10-10,"v0.7.0","ObjectExplorer-0.7.0-x64.dmg",0
2026-10-10,"v0.7.0","ObjectExplorer-0.7.0-x64.exe",0
2026-10-10,"v0.7.0","ObjectExplorer-0.7.0-x64.msix",0
2026-10-10,"latest","ObjectExplorer-linux-arm64.AppImage",0
2026-10-10,"latest","ObjectExplorer-linux-x64.AppImage",0
2026-10-10,"latest","ObjectExplorer-mac-arm64.dmg",0
2026-10-10,"latest","ObjectExplorer-mac-x64.dmg",0
2026-10-10,"latest","ObjectExplorer-windows-arm64.exe",0
2026-10-10,"latest","ObjectExplorer-windows-arm64.msix",1
2026-10-10,"latest","ObjectExplorer-windows-x64.exe",0
2026-10-10,"latest","ObjectExplorer-windows-x64.msix",0
